platform,tour_name,rating,reviewer_name,review_text,review_date,url,scraped_at
freetour,Le Marais Free Tour: Where Parisians Go,5,Sarah M.,Fantastic walk through the Marais! Our guide Antoine knew every hidden courtyard and the falafel recommendation alone was worth it. Felt like exploring with a local friend.,2026-06-05,https://www.freetour.com/paris/le-marais-free-tour-where-parisians-go,2026-06-10T09:00:00+00:00
freetour,Montmartre Paris Free Tour: Moulin Rouge to Sacre Coeur,4,James T.,"Great overview of Montmartre, lots of artist history. Only downside was the group size — about 25 people, hard to hear at times. Guide handled it well though.",2026-06-03,https://www.freetour.com/paris/montmartre-paris-free-tour,2026-06-10T09:00:00+00:00
tripadvisor,"Paris Left Bank: Writers, Revolution & Black Coffee",5,wanderlust_emma,"Hemingway, revolution, and the best coffee stop. Camille brought the Latin Quarter to life — we extended our stay in Paris just to do another Discover Walks tour.",2026-05-28,https://www.tripadvisor.com/Attraction_Review-discover-walks-paris,2026-06-10T09:00:00+00:00
google,Paris Icons Express Free Tour: Notre-Dame to Louvre,5,Luis Hernandez,"Perfect for a first morning in Paris. Two hours, all the icons, zero filler. Tip-based and worth every euro we gave.",2026-06-01,https://maps.google.com/?cid=discover-walks-paris,2026-06-10T09:00:00+00:00
freetour,"Places Parisians Love: Classic Treasures, Hidden Gems & Locals' Picks",5,José Luís Berdón Madrigal,Excellent,2024-08-29,https://www.freetour.com/paris/free-hidden-gems-secret-paris-tour,2026-06-10T15:50:31+00:00
freetour,"Places Parisians Love: Classic Treasures, Hidden Gems & Locals' Picks",5,Keley Brewster,"Our walk was wonderful, our guide was knowledgeable and friendly and the pace of the tour was great.",2024-08-28,https://www.freetour.com/paris/free-hidden-gems-secret-paris-tour,2026-06-10T15:50:31+00:00
freetour,"Places Parisians Love: Classic Treasures, Hidden Gems & Locals' Picks",5,Monique Salotti,"I had a fantastic experience on this tour, thanks to our guide! From the start, he was friendly, engaging, and full of energy, making the whole experience enjoyable and memorable. He shared fascinating stories and insights at each stop, turning a simple tour into an unforgettable adventure.",2024-08-17,https://www.freetour.com/paris/free-hidden-gems-secret-paris-tour,2026-06-10T15:50:31+00:00
freetour,"Places Parisians Love: Classic Treasures, Hidden Gems & Locals' Picks",1.5,Sandy Lamb,"Guide didn’t deliver on the title. No real secrets or gems included in the content. Guide walked very fast, cut his delivery short, and needs to up his game appreciably.",2024-08-08,https://www.freetour.com/paris/free-hidden-gems-secret-paris-tour,2026-06-10T15:50:31+00:00
freetour,"Places Parisians Love: Classic Treasures, Hidden Gems & Locals' Picks",5,Clara Garcia,The guide is very knowledgeable and she could really uncover the hidden gems. Thank you,2024-08-06,https://www.freetour.com/paris/free-hidden-gems-secret-paris-tour,2026-06-10T15:50:31+00:00
freetour,"Places Parisians Love: Classic Treasures, Hidden Gems & Locals' Picks",5,Anna Iokilevitc,"I booked this tour not really knowing to expect given that I had been to Paris a few times before and done other walking tours. But this tour was a great little surprise - my guide was super knowledgeable and funny, it was a very pleasant experience despite the heavy rain on the day. I'd highly recommend it :)",2024-07-28,https://www.freetour.com/paris/free-hidden-gems-secret-paris-tour,2026-06-10T15:50:31+00:00
freetour,"Places Parisians Love: Classic Treasures, Hidden Gems & Locals' Picks",5,Kayla,"We recently took a free walking tour of Paris’ hidden gems, and it was one of the best experiences we’ve had. Our guide was exceptionally knowledgeable and made the tour incredibly interesting and engaging. They shared a range of fascinating facts that went well beyond what you can find online. From quaint alleys to lesser-known historical and artistic sites, every stop was enriched by the guide’s insights and enthusiasm. Highly recommended for anyone looking to explore the unseen side of Paris! Definitely one of the best walking tours we’ve done.",2024-07-09,https://www.freetour.com/paris/free-hidden-gems-secret-paris-tour,2026-06-10T15:50:31+00:00
freetour,"Places Parisians Love: Classic Treasures, Hidden Gems & Locals' Picks",5,Giorgia Federzoni,"The tour Is really enjoyable, the guide Is funny and the time flies while you can discover some real beautiful places in Paris you normally don't see Really recommended!",2024-06-28,https://www.freetour.com/paris/free-hidden-gems-secret-paris-tour,2026-06-10T15:50:31+00:00
freetour,"Places Parisians Love: Classic Treasures, Hidden Gems & Locals' Picks",5,marielle chaussalet,Very good moment .,2024-06-20,https://www.freetour.com/paris/free-hidden-gems-secret-paris-tour,2026-06-10T15:50:31+00:00
freetour,"Places Parisians Love: Classic Treasures, Hidden Gems & Locals' Picks",5,Staci,"We thoroughly enjoyed this tour! Philippe was utterly fantastic. We loved learning all the fun little details of the area. Thanks so much, Philippe!",2024-06-17,https://www.freetour.com/paris/free-hidden-gems-secret-paris-tour,2026-06-10T15:50:31+00:00
freetour,Le Marais Free Tour: Where Parisians Go,4.5,Peter Royal,and,2026-06-06,https://www.freetour.com/paris/free-trendy-marais-tour,2026-06-10T15:50:31+00:00
freetour,Le Marais Free Tour: Where Parisians Go,4.5,Birgit Braun,Jago was a wonderful Guide. Very interessant Tour!!! We loved it!!,2026-06-03,https://www.freetour.com/paris/free-trendy-marais-tour,2026-06-10T15:50:31+00:00
freetour,Le Marais Free Tour: Where Parisians Go,5,Souad Wrixen,"I knew this area of Paris was full of history and charm. I am glad I booked the tour with Edmond, who is so knowledgeable and full of passion for this Parisian sector.",2026-05-30,https://www.freetour.com/paris/free-trendy-marais-tour,2026-06-10T15:50:31+00:00
freetour,Le Marais Free Tour: Where Parisians Go,4.5,Marija Markovic,"Really enjoyed le Marais tour, saw some Paris hidden gams and learned a lot of new things. Maryam is a great guide, she's funny and full of interesting stories. Recommended!!!",2026-05-28,https://www.freetour.com/paris/free-trendy-marais-tour,2026-06-10T15:50:31+00:00
freetour,Le Marais Free Tour: Where Parisians Go,5,HELEN HADDON,"Philippe covered a lot of topics on this tour as we walked around le Marais. I learnt a lot of things from the past history, architecture, preservation, paintings, artefacts etc etc I saw a much more than I would have noticed if just walking around by myself. Highly recommended",2026-05-22,https://www.freetour.com/paris/free-trendy-marais-tour,2026-06-10T15:50:31+00:00
freetour,Le Marais Free Tour: Where Parisians Go,5,Natália Marques de Oliveira,We loved our tour of the Marais. It was really informative.,2026-05-20,https://www.freetour.com/paris/free-trendy-marais-tour,2026-06-10T15:50:31+00:00
freetour,Le Marais Free Tour: Where Parisians Go,5,Anna Foley,Great tour…,2026-05-17,https://www.freetour.com/paris/free-trendy-marais-tour,2026-06-10T15:50:31+00:00
freetour,Le Marais Free Tour: Where Parisians Go,5,Petra Wruss,"We have booked the tour for a group of students. The tour has been perfect. The guide shared interesting facts and anecdotes, responded to personal questions and had helpful tips for the rest of the day. We finished at Marché des enfants rouges.",2026-05-14,https://www.freetour.com/paris/free-trendy-marais-tour,2026-06-10T15:50:31+00:00
freetour,Le Marais Free Tour: Where Parisians Go,5,Gordon Wyke,It was a very informative walk and our guide Phillip was excellent.,2026-05-10,https://www.freetour.com/paris/free-trendy-marais-tour,2026-06-10T15:50:31+00:00
freetour,Le Marais Free Tour: Where Parisians Go,5,Andrea Skibowski,"I have always loved the Marais for its atmosphere, shops, museums and cafes, but our two wonderful local guides (Edmund and Alexandre) made the walk through the quarter an unforgettable experience by sharing personal stories.",2026-05-05,https://www.freetour.com/paris/free-trendy-marais-tour,2026-06-10T15:50:31+00:00
freetour,Montmartre Paris Free Tour: Moulin Rouge to Sacre Coeur,5,Nancy Stoler,"The tour was wonderful and the guide, Togu, was warm and welcoming and knowledgeable and made us all enjoy the time with him. I loved his interaction with the tourists and he kept everyone engaged for the 1 1/2 hours of the tour.",2026-06-09,https://www.freetour.com/paris/montmartre-tour,2026-06-10T15:50:31+00:00
freetour,Montmartre Paris Free Tour: Moulin Rouge to Sacre Coeur,5,Janeth Mora,I really enjoy it!!!,2026-06-09,https://www.freetour.com/paris/montmartre-tour,2026-06-10T15:50:31+00:00
freetour,Montmartre Paris Free Tour: Moulin Rouge to Sacre Coeur,5,Jeanet Mooijenkind,"in one word, perfect ????",2026-06-08,https://www.freetour.com/paris/montmartre-tour,2026-06-10T15:50:31+00:00
freetour,Montmartre Paris Free Tour: Moulin Rouge to Sacre Coeur,5,Carl Carpenter,"Very nice tour. Guide gave us lots of good info. Be ready for a lot of walking, much of which is uphill.",2026-06-08,https://www.freetour.com/paris/montmartre-tour,2026-06-10T15:50:31+00:00
freetour,Montmartre Paris Free Tour: Moulin Rouge to Sacre Coeur,5,Ina Suhodolskaya,We really enjoyed it,2026-06-01,https://www.freetour.com/paris/montmartre-tour,2026-06-10T15:50:31+00:00
freetour,Montmartre Paris Free Tour: Moulin Rouge to Sacre Coeur,5,Luisa Jürgens,Thank you for showing us the most beautiful part of Paris!,2026-05-30,https://www.freetour.com/paris/montmartre-tour,2026-06-10T15:50:31+00:00
freetour,Montmartre Paris Free Tour: Moulin Rouge to Sacre Coeur,3.5,Geert De Lille,Okay,2026-05-24,https://www.freetour.com/paris/montmartre-tour,2026-06-10T15:50:31+00:00
freetour,Montmartre Paris Free Tour: Moulin Rouge to Sacre Coeur,5,Roberta Silva,Leoni is passionate about Montmartre and a graceful storyteller. Fully recommend!,2026-05-22,https://www.freetour.com/paris/montmartre-tour,2026-06-10T15:50:31+00:00
freetour,Montmartre Paris Free Tour: Moulin Rouge to Sacre Coeur,5,Cristina Puchol Masero,"Super good tour, very interesting",2026-05-20,https://www.freetour.com/paris/montmartre-tour,2026-06-10T15:50:31+00:00
freetour,Montmartre Paris Free Tour: Moulin Rouge to Sacre Coeur,4.5,Annemieke Hondius,Always nice to hear things about the neighbourhood!,2026-05-17,https://www.freetour.com/paris/montmartre-tour,2026-06-10T15:50:31+00:00
freetour,Paris Icons Express Free Tour: Notre-Dame to Louvre,4.5,Miriam Rodriguez,"Highly recommended. Our guide Diane was amazing, enthusiastic and fun. Really nice experience. My only negative remark is that it was too short.",2026-05-10,https://www.freetour.com/paris/historic-paris-free-tour-notre-dame-to-louvre,2026-06-10T15:50:31+00:00
freetour,Paris Icons Express Free Tour: Notre-Dame to Louvre,5,Olga Treskunov,"I really enjoyed this free walking tour! Diana is a great tour guide — the tour was exciting and never boring. She is very knowledgeable and shares a lot of interesting information in a clear and engaging way. You can really feel her passion, which makes the experience both informative and enjoyable. Highly recommended!",2026-01-23,https://www.freetour.com/paris/historic-paris-free-tour-notre-dame-to-louvre,2026-06-10T15:50:31+00:00
freetour,Paris Icons Express Free Tour: Notre-Dame to Louvre,5,Louise Dempsey,"I love these free tours. The guides are so friendly, often multi-lingual, knowledgeable and passionate about their subject and city. Flo was no exception. Merci beaucoup pour une autre tour par excellence!",2026-01-03,https://www.freetour.com/paris/historic-paris-free-tour-notre-dame-to-louvre,2026-06-10T15:50:31+00:00
freetour,Paris Icons Express Free Tour: Notre-Dame to Louvre,5,CHIARA Montrasio,"Very nice and interesting tour, Diana is dull of eneegy and passionate about history",2026-01-02,https://www.freetour.com/paris/historic-paris-free-tour-notre-dame-to-louvre,2026-06-10T15:50:31+00:00
freetour,Paris Icons Express Free Tour: Notre-Dame to Louvre,4.5,Jasmin Krug,The most important thing seen. Diana is super :),2026-01-01,https://www.freetour.com/paris/historic-paris-free-tour-notre-dame-to-louvre,2026-06-10T15:50:31+00:00
freetour,Paris Icons Express Free Tour: Notre-Dame to Louvre,5,isabelle Boreham,Many thanks Flo for such a beautiful tour!,2025-12-31,https://www.freetour.com/paris/historic-paris-free-tour-notre-dame-to-louvre,2026-06-10T15:50:31+00:00
freetour,Paris Icons Express Free Tour: Notre-Dame to Louvre,5,Paula Goldschmidt,wow. what a guide!! excellent experience. he was so knowledgeable and so clearly explained everything. we enjoyed it a lot. thanks,2025-11-24,https://www.freetour.com/paris/historic-paris-free-tour-notre-dame-to-louvre,2026-06-10T15:50:31+00:00
freetour,Paris Icons Express Free Tour: Notre-Dame to Louvre,5,Gali,"Great and generous guide, great tour. Highly recommend!!",2025-11-11,https://www.freetour.com/paris/historic-paris-free-tour-notre-dame-to-louvre,2026-06-10T15:50:31+00:00
freetour,Paris Icons Express Free Tour: Notre-Dame to Louvre,5,Barbara,"It was interesting, entertaining and funny! Our hole family including my 11 year old sun enjoyed the tour!",2025-10-26,https://www.freetour.com/paris/historic-paris-free-tour-notre-dame-to-louvre,2026-06-10T15:50:31+00:00
freetour,Paris Icons Express Free Tour: Notre-Dame to Louvre,4.5,Afsana,We had a nice time with Laura. Thanks for the organization of this lovely tour.,2025-09-17,https://www.freetour.com/paris/historic-paris-free-tour-notre-dame-to-louvre,2026-06-10T15:50:31+00:00
freetour,"Paris Left Bank: Writers, Revolution & Black Coffee",5,Brian McLelland,There were three of us on the tour which stoll went ahead. We started at Notre Dame and ended at the Sorbonne. Along the way we saw a baptism and Romanian church service. The guide was informative and well orhanised. He engaged well as we spoke about his life in the Latin Quarter and his love for cinema. Most enjoyable.,2026-05-30,https://www.freetour.com/paris/left-bank-tour,2026-06-10T15:50:31+00:00
freetour,"Paris Left Bank: Writers, Revolution & Black Coffee",5,Farizod SUL,"It was a nice tour and very knowledgeable, gives you real parisian vibe. Unfortunatelly due to heavy rain we had to finish tour earlier but still we enjoyed it",2026-05-06,https://www.freetour.com/paris/left-bank-tour,2026-06-10T15:50:31+00:00
freetour,"Paris Left Bank: Writers, Revolution & Black Coffee",5,Judith Leopold,"Mathieu was a great guide, super knowledgeable and fun!",2026-05-01,https://www.freetour.com/paris/left-bank-tour,2026-06-10T15:50:31+00:00
freetour,"Paris Left Bank: Writers, Revolution & Black Coffee",5,Omer Charbit,Guide was insightful easy going and pleasant combing architectecture with history. Strongly recommend,2026-03-02,https://www.freetour.com/paris/left-bank-tour,2026-06-10T15:50:31+00:00
freetour,"Paris Left Bank: Writers, Revolution & Black Coffee",5,Devanand Palur,"The guide was absolutely friendly, well educated and informed and provided us with a wonderful tour.",2025-12-28,https://www.freetour.com/paris/left-bank-tour,2026-06-10T15:50:31+00:00
freetour,"Paris Left Bank: Writers, Revolution & Black Coffee",5,Kameliya Tsanova,"Audrey made this tour the absolute best experience we have had of Paris so far! Her knowledge of architecture and culture is impressive, and her attitude is cordial. She showed us many interesting places like the Sorbonne and Notre-Dame, but also hidden gems like Saint Julian Church, medeival streets, and The Museum of Middle Ages. She answered all our questions and we forgot about the cold weather and enjoyed the experience. We recommend the tour wholeheartedly! Thank you, Audrey!",2025-12-28,https://www.freetour.com/paris/left-bank-tour,2026-06-10T15:50:31+00:00
freetour,"Paris Left Bank: Writers, Revolution & Black Coffee",5,Frey,We were fortunate to have a wonderful private tour. We learned a great deal about the history and current life in London. We were able to ask many questions and received helpful answers. We highly recommend this tour.,2025-10-29,https://www.freetour.com/paris/left-bank-tour,2026-06-10T15:50:31+00:00
freetour,"Paris Left Bank: Writers, Revolution & Black Coffee",5,louis,very useful tour. nice guide.,2025-10-19,https://www.freetour.com/paris/left-bank-tour,2026-06-10T15:50:31+00:00
freetour,"Paris Left Bank: Writers, Revolution & Black Coffee",5,Katchalski T,We really enjoyed the tour. A very knowledgeable guide who is clearly an art and history lover that is happy to share his passion.,2025-08-04,https://www.freetour.com/paris/left-bank-tour,2026-06-10T15:50:31+00:00
freetour,"Paris Left Bank: Writers, Revolution & Black Coffee",5,Massimo Faggioli,nice tour around the Latin Quarter and 1000 thanks to the guide who conveyed passion and entertained us with many unexpected trivia and stories. much more than a guided tour! ...highly recommended!!! m,2025-07-28,https://www.freetour.com/paris/left-bank-tour,2026-06-10T15:50:31+00:00
guruwalk,The village of Montmartre without the crowds,5,Jane,"Our guide, Gemma, was brilliant giving us a very enjoyable and informative tour. She was very knowledgeable about the Tour area and told us the history with many quirky tales, too. So glad we chose this tour, thanks to our guide.",2026-06,https://www.guruwalk.com/walks/46480-the-village-of-montmartre-without-the-crowds,2026-06-10T16:03:07+00:00
guruwalk,The village of Montmartre without the crowds,5,Michael,Very enjoyable tour. The route was very interesting and not physically demanding as it wound up the hill. Included locations easily missed by most visitors. Highly recommended. You won't be disappointed.,2026-06,https://www.guruwalk.com/walks/46480-the-village-of-montmartre-without-the-crowds,2026-06-10T16:03:07+00:00
guruwalk,The village of Montmartre without the crowds,5,Anna,"Great , informative tour. The guided tour was really passion to share the history, respectful and compassionate! Great experience!",2026-06,https://www.guruwalk.com/walks/46480-the-village-of-montmartre-without-the-crowds,2026-06-10T16:03:07+00:00
guruwalk,The village of Montmartre without the crowds,4,Letizia,Leonie war ein sehr sympathischer Guide! Sie hat die Tour sehr unterhaltsam gestaltet. Kann man nur empfehlen.,2026-06,https://www.guruwalk.com/walks/46480-the-village-of-montmartre-without-the-crowds,2026-06-10T16:03:07+00:00
guruwalk,The village of Montmartre without the crowds,5,Tan Singi,Yago was enthusiastic well prepared and patient.fun tour - learnt a lot about Montmarte.,2026-06,https://www.guruwalk.com/walks/46480-the-village-of-montmartre-without-the-crowds,2026-06-10T16:03:07+00:00
guruwalk,"Le Marais without the crowds, the beating heart of Paris",5,Delia,"Wir haben heute eine Führung durch das Marais gemacht und waren begeistert. Unser Guide sprach ausgezeichnetes Englisch, erklärte komplexe historische Zusammenhänge klar, lebendig und mit viel Charme und Humor. Besonders beeindruckt hat uns sein enormes Wissen: Er beantwortete jede Frage fundiert, verständlich und mit spannenden zusätzlichen Details. Die Geschichte des Marais wurde nicht einfach nur erzählt, sondern so vermittelt, dass Menschen, Ereignisse und Orte lebendig wurden und lange in Erinnerung bleiben. Die Tour war gleichermaßen informativ, unterhaltsam und inspirierend. Wer das Marais wirklich verstehen und nicht nur besichtigen möchte, ist hier genau richtig. Eine der besten Stadtführungen, die wir je erlebt haben. Uneingeschränkte Empfehlung.",2026-06,https://www.guruwalk.com/walks/54090-le-marais-without-the-crowds-the-beating-heart-of-paris,2026-06-10T16:03:07+00:00
guruwalk,"Le Marais without the crowds, the beating heart of Paris",5,Teri,It was a very interesting tour. Edmond took us to beautiful areas and was very knowledgeable.,2026-06,https://www.guruwalk.com/walks/54090-le-marais-without-the-crowds-the-beating-heart-of-paris,2026-06-10T16:03:07+00:00
guruwalk,"Le Marais without the crowds, the beating heart of Paris",5,Joanie,"Phillip was wonderful! Such a great tour, very knowledgeable and entertaining. I enjoyed the tours so much, I signed up for a second one in the same day!!",2026-05,https://www.guruwalk.com/walks/54090-le-marais-without-the-crowds-the-beating-heart-of-paris,2026-06-10T16:03:07+00:00
guruwalk,"Le Marais without the crowds, the beating heart of Paris",5,Christine,Delightful guide Edmund shared his love of le Marais with interesting historical facts. Just enough content to keep you captivated.,2026-05,https://www.guruwalk.com/walks/54090-le-marais-without-the-crowds-the-beating-heart-of-paris,2026-06-10T16:03:07+00:00
guruwalk,"Le Marais without the crowds, the beating heart of Paris",5,Mike,Philippe is an excellent guide for the Le Marais Tour! The majority of that tour was away from the crowded tourist areas while giving us a bigger picture of how the area used to be with his insightful and very often funny stories. The time flew and made for an enjoyable time. He also gave great recommendations including his favorite bakery. Merci beaucoup Philippe!,2026-05,https://www.guruwalk.com/walks/54090-le-marais-without-the-crowds-the-beating-heart-of-paris,2026-06-10T16:03:07+00:00
guruwalk,"""Paris starts here"" - the tour for first timers. Small Group. From Notre-Dame to Louvre",5,alex,"my dad booked this walk for us - he did the tour a few days ago we all loved it! i wasn't sure i was going to like a walking tour, but in the end it was real fun! fun and beautiful, too",2026-06,https://www.guruwalk.com/walks/55970-paris-starts-here-the-tour-for-first-timers-small-group-from-notre-dame-to-louvre,2026-06-10T16:03:07+00:00
guruwalk,"""Paris starts here"" - the tour for first timers. Small Group. From Notre-Dame to Louvre",5,erela,The guide eas very informative and made the history vivid and interesting.,2026-05,https://www.guruwalk.com/walks/55970-paris-starts-here-the-tour-for-first-timers-small-group-from-notre-dame-to-louvre,2026-06-10T16:03:07+00:00
guruwalk,"""Paris starts here"" - the tour for first timers. Small Group. From Notre-Dame to Louvre",5,alex,I didn’t expect paris to be quite so gorgeous Thank you. Mercis.,2026-05,https://www.guruwalk.com/walks/55970-paris-starts-here-the-tour-for-first-timers-small-group-from-notre-dame-to-louvre,2026-06-10T16:03:07+00:00
guruwalk,"""Paris starts here"" - the tour for first timers. Small Group. From Notre-Dame to Louvre",5,Lee Wanetik,Great overview of the Notre Dame area,2026-04,https://www.guruwalk.com/walks/55970-paris-starts-here-the-tour-for-first-timers-small-group-from-notre-dame-to-louvre,2026-06-10T16:03:07+00:00
guruwalk,"""Paris starts here"" - the tour for first timers. Small Group. From Notre-Dame to Louvre",4,Venus,Nice tour!,2026-04,https://www.guruwalk.com/walks/55970-paris-starts-here-the-tour-for-first-timers-small-group-from-notre-dame-to-louvre,2026-06-10T16:03:07+00:00
guruwalk,Paris Old Town - small group - Notre Dame and Latin Quarter,5,Adrienne,"Great tour by a very passionate and enthusiastic tour guide, exceptional knowledge with lived experience of the area. Would thoroughly recommend",2026-06,https://www.guruwalk.com/walks/60568-paris-old-town-small-group-notre-dame-and-latin-quarter,2026-06-10T16:03:07+00:00
guruwalk,Paris Old Town - small group - Notre Dame and Latin Quarter,5,Anastassiya,It was an amazing tour. Very interesting and authentic experience,2026-06,https://www.guruwalk.com/walks/60568-paris-old-town-small-group-notre-dame-and-latin-quarter,2026-06-10T16:03:07+00:00
guruwalk,Paris Old Town - small group - Notre Dame and Latin Quarter,5,Joanie,Phillip was very entertaining and personable.,2026-06,https://www.guruwalk.com/walks/60568-paris-old-town-small-group-notre-dame-and-latin-quarter,2026-06-10T16:03:07+00:00
guruwalk,Paris Old Town - small group - Notre Dame and Latin Quarter,5,John,It was a really good tour. Our guide was very informative and pleasant. We have never been disappointed by a guide from GuruWalk.,2026-05,https://www.guruwalk.com/walks/60568-paris-old-town-small-group-notre-dame-and-latin-quarter,2026-06-10T16:03:07+00:00
guruwalk,Paris Old Town - small group - Notre Dame and Latin Quarter,5,Julia,A personal way to see Paris is through the eyes of a person who truly loves their Paris,2026-05,https://www.guruwalk.com/walks/60568-paris-old-town-small-group-notre-dame-and-latin-quarter,2026-06-10T16:03:07+00:00
getyourguide,Paris: Montmartre Guided Walking Tour,5,GetYourGuide traveler – United States,,2026-06-16,https://www.getyourguide.com/paris-l16/paris-magical-montmartre-without-the-crowds-t592477/,2026-06-17T22:46:08+00:00
getyourguide,Paris: Montmartre Guided Walking Tour,5,Melissa – France,Elise was fantastic and shared Montmarte's rich history with flare and entertainment. She managed to keep us away from the infamous crowds which was a bonus. A quality tour and I highly recommend.,2026-06-16,https://www.getyourguide.com/paris-l16/paris-magical-montmartre-without-the-crowds-t592477/,2026-06-17T22:46:08+00:00
getyourguide,Paris: Montmartre Guided Walking Tour,4,GetYourGuide traveler – United States,,2026-06-15,https://www.getyourguide.com/paris-l16/paris-magical-montmartre-without-the-crowds-t592477/,2026-06-17T22:46:08+00:00
getyourguide,Paris: Montmartre Guided Walking Tour,4,Kim – Canada,I would have liked more direction on how to get back to the train station after the tour,2026-06-14,https://www.getyourguide.com/paris-l16/paris-magical-montmartre-without-the-crowds-t592477/,2026-06-17T22:46:08+00:00
getyourguide,Paris: Montmartre Guided Walking Tour,5,GetYourGuide traveler – United Kingdom,Very informative. Really enjoyed it. Thank you.,2026-06-13,https://www.getyourguide.com/paris-l16/paris-magical-montmartre-without-the-crowds-t592477/,2026-06-17T22:46:08+00:00
getyourguide,Paris: Montmartre Guided Walking Tour,5,Alexander – Germany,"Eine absolut großartige Führung durch Montmartre! Unsere Guide hat die Geschichte und die besonderen Geschichten dieses Viertels auf eine unglaublich lebendige und anschauliche Weise vermittelt. Man merkt sofort, mit wie viel Leidenschaft, Wissen und Begeisterung sie dabei ist. Besonders schön war, dass sie nicht einfach nur Fakten aufgezählt hat, sondern viele Hintergrundinformationen und Details erzählt hat, die man in keinem Reiseführer findet. Ihre freundliche, offene und enthusiastische Art hat die gesamte Tour zu einem echten Erlebnis gemacht. Der Höhepunkt war für mich ein kleiner Park hinter Montmartre, den ich alleine vermutlich niemals entdeckt hätte. Gerade solche versteckten Orte und die dazugehörigen Geschichten machen den Unterschied zwischen einer guten und einer außergewöhnlichen Führung aus. Wer Montmartre wirklich verstehen und erleben möchte, dem kann ich diese Tour uneingeschränkt empfehlen. Vielen Dank für dieses wunderbare Erlebnis!",2026-06-12,https://www.getyourguide.com/paris-l16/paris-magical-montmartre-without-the-crowds-t592477/,2026-06-17T22:46:08+00:00
getyourguide,Paris: Montmartre Guided Walking Tour,5,GetYourGuide traveler – United States,,2026-06-12,https://www.getyourguide.com/paris-l16/paris-magical-montmartre-without-the-crowds-t592477/,2026-06-17T22:46:08+00:00
getyourguide,Paris: Montmartre Guided Walking Tour,5,GetYourGuide traveler – Greece,,2026-06-12,https://www.getyourguide.com/paris-l16/paris-magical-montmartre-without-the-crowds-t592477/,2026-06-17T22:46:08+00:00
getyourguide,Paris: Montmartre Guided Walking Tour,5,Janet Maylie – United States,"Yago was excellent— a fountain of information, very personable and fun! Couldn’t have been better.",2026-06-12,https://www.getyourguide.com/paris-l16/paris-magical-montmartre-without-the-crowds-t592477/,2026-06-17T22:46:08+00:00
getyourguide,Paris: Montmartre Guided Walking Tour,5,GetYourGuide traveler – United Kingdom,,2026-06-12,https://www.getyourguide.com/paris-l16/paris-magical-montmartre-without-the-crowds-t592477/,2026-06-17T22:46:08+00:00
getyourguide,Paris: Montmartre Guided Walking Tour,5,GetYourGuide traveler – Sweden,Nice tour with a great guide. Recommend.,2026-06-12,https://www.getyourguide.com/paris-l16/paris-magical-montmartre-without-the-crowds-t592477/,2026-06-17T22:46:08+00:00
getyourguide,Paris: Montmartre Guided Walking Tour,5,Ernesto – Italy,,2026-06-12,https://www.getyourguide.com/paris-l16/paris-magical-montmartre-without-the-crowds-t592477/,2026-06-17T22:46:08+00:00
getyourguide,Paris: Montmartre Guided Walking Tour,4,Heather – Canada,"The tour was very good. Maria, the guide was lovely and had good information",2026-06-12,https://www.getyourguide.com/paris-l16/paris-magical-montmartre-without-the-crowds-t592477/,2026-06-17T22:46:08+00:00
getyourguide,Paris: Montmartre Guided Walking Tour,5,GetYourGuide traveler – Hong Kong,The tour guide is exceptional.,2026-06-11,https://www.getyourguide.com/paris-l16/paris-magical-montmartre-without-the-crowds-t592477/,2026-06-17T22:46:08+00:00
getyourguide,Paris: Montmartre Guided Walking Tour,5,Alina – Romania,"Excellent walking tour! Yago (hope I am not misspelling his name) was incredibly passionate, knowledgeable, and engaging. You could really feel their enthusiasm for the history and stories of the area, which made the experience both informative and enjoyable. Highly recommend!",2026-06-08,https://www.getyourguide.com/paris-l16/paris-magical-montmartre-without-the-crowds-t592477/,2026-06-17T22:46:08+00:00
getyourguide,Paris: Montmartre Guided Walking Tour,5,Subram – India,Our tour guide (Jago/Yago - I’m so sorry if I’m misspelling his name ) was wonderful. He has studied art history and he weaved in his love and knowledge of art into the entire tour and its narrative and that was fabulous . Highly recommended,2026-06-08,https://www.getyourguide.com/paris-l16/paris-magical-montmartre-without-the-crowds-t592477/,2026-06-17T22:46:08+00:00
getyourguide,Paris: Montmartre Guided Walking Tour,5,GetYourGuide traveler – Netherlands,Top,2026-06-07,https://www.getyourguide.com/paris-l16/paris-magical-montmartre-without-the-crowds-t592477/,2026-06-17T22:46:08+00:00
getyourguide,Paris: Montmartre Guided Walking Tour,4,Nico – Netherlands,jacco is een gepassioneerde verteller van verhalen omtrent montmarte,2026-06-07,https://www.getyourguide.com/paris-l16/paris-magical-montmartre-without-the-crowds-t592477/,2026-06-17T22:46:08+00:00
getyourguide,Paris: Montmartre Guided Walking Tour,5,ELLI – Greece,Super🩷,2026-06-07,https://www.getyourguide.com/paris-l16/paris-magical-montmartre-without-the-crowds-t592477/,2026-06-17T22:46:08+00:00
getyourguide,Paris: Montmartre Guided Walking Tour,5,GetYourGuide traveler – Japan,興味深い話を楽しく、たくさん聞くことができました。とても良いガイドさんでした。,2026-06-06,https://www.getyourguide.com/paris-l16/paris-magical-montmartre-without-the-crowds-t592477/,2026-06-17T22:46:08+00:00
getyourguide,Paris: Montmartre Guided Walking Tour,5,Katrina – United States,The tour was great and the tour guide Elise was fantastic! Best tour guide we’ve had in our trip to Paris. Would highly recommend.,2026-06-05,https://www.getyourguide.com/paris-l16/paris-magical-montmartre-without-the-crowds-t592477/,2026-06-17T22:46:08+00:00
getyourguide,Paris: Montmartre Guided Walking Tour,5,Russell &amp; Katherine – Australia,"We had an interesting and informative tour with Anna, who presented with humour and great knowledge. Would highly recommend a tour as you find out many interesting facts. Alot of steep walks but totally worth it.",2026-06-04,https://www.getyourguide.com/paris-l16/paris-magical-montmartre-without-the-crowds-t592477/,2026-06-17T22:46:08+00:00
getyourguide,Paris: Montmartre Guided Walking Tour,5,Laura – Austria,Anelle was an amazing guide with a lot of knowledge. She made the tour really special.,2026-06-04,https://www.getyourguide.com/paris-l16/paris-magical-montmartre-without-the-crowds-t592477/,2026-06-17T22:46:08+00:00
getyourguide,Paris: Montmartre Guided Walking Tour,5,Christina – United States,,2026-06-03,https://www.getyourguide.com/paris-l16/paris-magical-montmartre-without-the-crowds-t592477/,2026-06-17T22:46:08+00:00
getyourguide,Paris: Montmartre Guided Walking Tour,5,Ruann – United States,Great! We liked our guide Garrett. The area is so interesting!,2026-06-03,https://www.getyourguide.com/paris-l16/paris-magical-montmartre-without-the-crowds-t592477/,2026-06-17T22:46:08+00:00
getyourguide,Paris: Montmartre Guided Walking Tour,5,GetYourGuide traveler – Ireland,,2026-06-03,https://www.getyourguide.com/paris-l16/paris-magical-montmartre-without-the-crowds-t592477/,2026-06-17T22:46:08+00:00
getyourguide,Paris: Montmartre Guided Walking Tour,5,GetYourGuide traveler – Saint Lucia,The entire tour was great... I would recommend a different ending spot,2026-06-03,https://www.getyourguide.com/paris-l16/paris-magical-montmartre-without-the-crowds-t592477/,2026-06-17T22:46:08+00:00
getyourguide,Paris: Montmartre Guided Walking Tour,5,Michaela – Germany,,2026-06-03,https://www.getyourguide.com/paris-l16/paris-magical-montmartre-without-the-crowds-t592477/,2026-06-17T22:46:08+00:00
getyourguide,Paris: Montmartre Guided Walking Tour,4,GetYourGuide traveler – United States,Interesting and fun!,2026-06-02,https://www.getyourguide.com/paris-l16/paris-magical-montmartre-without-the-crowds-t592477/,2026-06-17T22:46:08+00:00
getyourguide,Paris: Montmartre Guided Walking Tour,5,Joseph – United States,Alicia was great. Very knowledgeable,2026-06-02,https://www.getyourguide.com/paris-l16/paris-magical-montmartre-without-the-crowds-t592477/,2026-06-17T22:46:08+00:00
getyourguide,Paris: Montmartre Guided Walking Tour,5,Olena – Germany,Die Route war sehr informativ und vielschichtig. Die Reiseführerin könnte auch alle Fragen beantworten.,2026-06-01,https://www.getyourguide.com/paris-l16/paris-magical-montmartre-without-the-crowds-t592477/,2026-06-17T22:46:08+00:00
getyourguide,Paris: Montmartre Guided Walking Tour,5,O&#039;Neil – Canada,Our guide delivered an informative and enjoyable tour. We valued the stories he offered and definitely recommend this tour.,2026-06-01,https://www.getyourguide.com/paris-l16/paris-magical-montmartre-without-the-crowds-t592477/,2026-06-17T22:46:08+00:00
getyourguide,Paris: Montmartre Guided Walking Tour,5,Tom – United States,The Tour of the area was perfect. We saw many things that we didn't see on our own when we walked the area. As usual the guides are very informative.,2026-06-01,https://www.getyourguide.com/paris-l16/paris-magical-montmartre-without-the-crowds-t592477/,2026-06-17T22:46:08+00:00
getyourguide,Paris: Montmartre Guided Walking Tour,5,Suman – India,It was a steep walk but was manageable. the old town is beautiful. the guide was super amazing,2026-05-31,https://www.getyourguide.com/paris-l16/paris-magical-montmartre-without-the-crowds-t592477/,2026-06-17T22:46:08+00:00
getyourguide,Paris: Montmartre Guided Walking Tour,3,Angela – Germany,Die Gruppe war viel zu groß. Guide redete zu viel und zu schnell.,2026-05-31,https://www.getyourguide.com/paris-l16/paris-magical-montmartre-without-the-crowds-t592477/,2026-06-17T22:46:08+00:00
getyourguide,Paris: Montmartre Guided Walking Tour,5,Catrina – United Kingdom,Our tour guide Diana was great fun. Very much enjoyed the tour.,2026-05-31,https://www.getyourguide.com/paris-l16/paris-magical-montmartre-without-the-crowds-t592477/,2026-06-17T22:46:08+00:00
getyourguide,Paris: Montmartre Guided Walking Tour,5,GetYourGuide traveler – Germany,,2026-05-31,https://www.getyourguide.com/paris-l16/paris-magical-montmartre-without-the-crowds-t592477/,2026-06-17T22:46:08+00:00
getyourguide,Paris: Montmartre Guided Walking Tour,5,Oscar – United States,Very good tour! I recommend it.,2026-05-30,https://www.getyourguide.com/paris-l16/paris-magical-montmartre-without-the-crowds-t592477/,2026-06-17T22:46:08+00:00
getyourguide,Paris: Montmartre Guided Walking Tour,5,Constantine – Canada,,2026-05-30,https://www.getyourguide.com/paris-l16/paris-magical-montmartre-without-the-crowds-t592477/,2026-06-17T22:46:08+00:00
getyourguide,Paris: Montmartre Guided Walking Tour,5,Helen – New Zealand,Hot!,2026-05-30,https://www.getyourguide.com/paris-l16/paris-magical-montmartre-without-the-crowds-t592477/,2026-06-17T22:46:08+00:00
getyourguide,Paris: Montmartre Guided Walking Tour,5,Andreas – Germany,Schöne Tour durch Montmarte,2026-05-29,https://www.getyourguide.com/paris-l16/paris-magical-montmartre-without-the-crowds-t592477/,2026-06-17T22:46:08+00:00
getyourguide,Paris: Montmartre Guided Walking Tour,4,GetYourGuide traveler – Belgium,Bien sans plus,2026-05-28,https://www.getyourguide.com/paris-l16/paris-magical-montmartre-without-the-crowds-t592477/,2026-06-17T22:46:08+00:00
getyourguide,Paris: Montmartre Guided Walking Tour,5,GetYourGuide traveler – United States,Great tour!,2026-05-28,https://www.getyourguide.com/paris-l16/paris-magical-montmartre-without-the-crowds-t592477/,2026-06-17T22:46:08+00:00
getyourguide,Paris: Montmartre Guided Walking Tour,4,GetYourGuide traveler – Netherlands,De uitleg en de spontane gids,2026-05-28,https://www.getyourguide.com/paris-l16/paris-magical-montmartre-without-the-crowds-t592477/,2026-06-17T22:46:08+00:00
getyourguide,Paris: Montmartre Guided Walking Tour,4,Danny – Netherlands,De “tour” onder leiding van gids Elise is absoluut aan te raden als je meer wilt zien van MontMartre dan alleen de toeristische “hoofdwegen”… Elise vertelde meerdere interessante anekdotes en liet ons enkele verborgen pareltjes in de wijk zien. Absoluut goede prijs-kwaliteitverhouding.,2026-05-28,https://www.getyourguide.com/paris-l16/paris-magical-montmartre-without-the-crowds-t592477/,2026-06-17T22:46:08+00:00
getyourguide,Paris: Montmartre Guided Walking Tour,5,GetYourGuide traveler – Turkey,Good,2026-05-27,https://www.getyourguide.com/paris-l16/paris-magical-montmartre-without-the-crowds-t592477/,2026-06-17T22:46:08+00:00
getyourguide,Paris: Montmartre Guided Walking Tour,5,GetYourGuide traveler – United States,,2026-05-27,https://www.getyourguide.com/paris-l16/paris-magical-montmartre-without-the-crowds-t592477/,2026-06-17T22:46:08+00:00
getyourguide,Paris: Montmartre Guided Walking Tour,5,Gale T – United States,Terrific,2026-05-27,https://www.getyourguide.com/paris-l16/paris-magical-montmartre-without-the-crowds-t592477/,2026-06-17T22:46:08+00:00
getyourguide,Paris: Montmartre Guided Walking Tour,5,GetYourGuide traveler – Australia,"the lady guide was considerate of the heat, stopping in the shade for a rest and very knowledgeable and helpful",2026-05-26,https://www.getyourguide.com/paris-l16/paris-magical-montmartre-without-the-crowds-t592477/,2026-06-17T22:46:08+00:00
getyourguide,Paris: Montmartre Guided Walking Tour,5,GetYourGuide traveler – Germany,Anna war ein toller Tour Guide. Sie hat mit sehr viel Humor und Begeisterung die Geschichte und die Besonderheiten des Viertels sehr kurzweilig erzählt. Würden wir jederzeit wieder buchen.,2026-05-26,https://www.getyourguide.com/paris-l16/paris-magical-montmartre-without-the-crowds-t592477/,2026-06-17T22:46:08+00:00
getyourguide,Paris: Montmartre Guided Walking Tour,5,GetYourGuide traveler – United States,,2026-05-26,https://www.getyourguide.com/paris-l16/paris-magical-montmartre-without-the-crowds-t592477/,2026-06-17T22:46:08+00:00
getyourguide,Paris: Montmartre Guided Walking Tour,1,GetYourGuide traveler – India,,2026-05-25,https://www.getyourguide.com/paris-l16/paris-magical-montmartre-without-the-crowds-t592477/,2026-06-17T22:46:08+00:00
getyourguide,Paris: Montmartre Guided Walking Tour,5,Bareuther – Germany,kleine versteckte Plätzchen zu entdecken Aussicht von Sacre' Coeur Weinberg und Windmühle Brunnen mit Trinkwasser,2026-05-25,https://www.getyourguide.com/paris-l16/paris-magical-montmartre-without-the-crowds-t592477/,2026-06-17T22:46:08+00:00
getyourguide,Paris: Montmartre Guided Walking Tour,5,Martha – United States,We loved our tour! Our guide was delightful and knowledgeable.,2026-05-25,https://www.getyourguide.com/paris-l16/paris-magical-montmartre-without-the-crowds-t592477/,2026-06-17T22:46:08+00:00
getyourguide,Paris: Montmartre Guided Walking Tour,5,GetYourGuide traveler – United States,,2026-05-24,https://www.getyourguide.com/paris-l16/paris-magical-montmartre-without-the-crowds-t592477/,2026-06-17T22:46:08+00:00
getyourguide,Paris: Montmartre Guided Walking Tour,5,GetYourGuide traveler – Germany,,2026-05-24,https://www.getyourguide.com/paris-l16/paris-magical-montmartre-without-the-crowds-t592477/,2026-06-17T22:46:08+00:00
getyourguide,Paris: Montmartre Guided Walking Tour,5,GetYourGuide traveler – United Kingdom,,2026-05-24,https://www.getyourguide.com/paris-l16/paris-magical-montmartre-without-the-crowds-t592477/,2026-06-17T22:46:08+00:00
getyourguide,Paris: Montmartre Guided Walking Tour,5,Leonardo – United States,nicole is absolutely amazing 👏 thanks for the great tour!,2026-05-24,https://www.getyourguide.com/paris-l16/paris-magical-montmartre-without-the-crowds-t592477/,2026-06-17T22:46:08+00:00
getyourguide,Paris: Montmartre Guided Walking Tour,5,Kezban – Turkey,Great,2026-05-24,https://www.getyourguide.com/paris-l16/paris-magical-montmartre-without-the-crowds-t592477/,2026-06-17T22:46:08+00:00
getyourguide,Paris: Montmartre Guided Walking Tour,5,GetYourGuide traveler – Turkey,,2026-05-23,https://www.getyourguide.com/paris-l16/paris-magical-montmartre-without-the-crowds-t592477/,2026-06-17T22:46:08+00:00
getyourguide,Paris: Montmartre Guided Walking Tour,5,GetYourGuide traveler – India,,2026-05-23,https://www.getyourguide.com/paris-l16/paris-magical-montmartre-without-the-crowds-t592477/,2026-06-17T22:46:08+00:00
getyourguide,Paris: Montmartre Guided Walking Tour,5,Michelle – Australia,"Disappointed that the guide only got 1 third of what we paid, should have been more.",2026-05-22,https://www.getyourguide.com/paris-l16/paris-magical-montmartre-without-the-crowds-t592477/,2026-06-17T22:46:08+00:00
getyourguide,Paris: Montmartre Guided Walking Tour,5,Susan – United States,Wonderful! Our guide was so informative. He was a kind man and enthusiastic about Montemarte.,2026-05-21,https://www.getyourguide.com/paris-l16/paris-magical-montmartre-without-the-crowds-t592477/,2026-06-17T22:46:08+00:00
getyourguide,Paris: Montmartre Guided Walking Tour,4,GetYourGuide traveler – Germany,,2026-05-21,https://www.getyourguide.com/paris-l16/paris-magical-montmartre-without-the-crowds-t592477/,2026-06-17T22:46:08+00:00
getyourguide,Paris: Montmartre Guided Walking Tour,5,Terri – United States,Great tour. Learned so much about the area.,2026-05-19,https://www.getyourguide.com/paris-l16/paris-magical-montmartre-without-the-crowds-t592477/,2026-06-17T22:46:08+00:00
getyourguide,Paris: Montmartre Guided Walking Tour,4,GetYourGuide traveler – Germany,,2026-05-17,https://www.getyourguide.com/paris-l16/paris-magical-montmartre-without-the-crowds-t592477/,2026-06-17T22:46:08+00:00
getyourguide,Paris: Montmartre Guided Walking Tour,5,Laura – United States,Yago was the best! We were a big group of university students and he kept everyone engaged and interested! Highly recommend!,2026-05-17,https://www.getyourguide.com/paris-l16/paris-magical-montmartre-without-the-crowds-t592477/,2026-06-17T22:46:08+00:00
getyourguide,Paris: Montmartre Guided Walking Tour,5,Lynn – United States,Elise was awesome! Knowledgeable and FUN! Highly recommend.,2026-05-16,https://www.getyourguide.com/paris-l16/paris-magical-montmartre-without-the-crowds-t592477/,2026-06-17T22:46:08+00:00
getyourguide,Paris: Montmartre Guided Walking Tour,4,GetYourGuide traveler – Canada,z,2026-05-16,https://www.getyourguide.com/paris-l16/paris-magical-montmartre-without-the-crowds-t592477/,2026-06-17T22:46:08+00:00
getyourguide,Paris: Montmartre Guided Walking Tour,5,George – United States,Excellent,2026-05-15,https://www.getyourguide.com/paris-l16/paris-magical-montmartre-without-the-crowds-t592477/,2026-06-17T22:46:08+00:00
getyourguide,Paris: Montmartre Guided Walking Tour,5,GetYourGuide traveler – South Africa,,2026-05-15,https://www.getyourguide.com/paris-l16/paris-magical-montmartre-without-the-crowds-t592477/,2026-06-17T22:46:08+00:00
getyourguide,Paris: Montmartre Guided Walking Tour,3,GetYourGuide traveler – Brazil,,2026-05-14,https://www.getyourguide.com/paris-l16/paris-magical-montmartre-without-the-crowds-t592477/,2026-06-17T22:46:08+00:00
getyourguide,Paris: Montmartre Guided Walking Tour,5,GetYourGuide traveler – Germany,,2026-05-12,https://www.getyourguide.com/paris-l16/paris-magical-montmartre-without-the-crowds-t592477/,2026-06-17T22:46:08+00:00
getyourguide,Paris: Montmartre Guided Walking Tour,5,GetYourGuide traveler – United Kingdom,"Our guide Elise was excellent, very knowledgeable and interesting. This was not my first trip to Paris but the tour gave a new perspective on Montmartre thanks to the insightful commentary. Merci beaucoup!",2026-05-12,https://www.getyourguide.com/paris-l16/paris-magical-montmartre-without-the-crowds-t592477/,2026-06-17T22:46:08+00:00
getyourguide,Paris: Montmartre Guided Walking Tour,5,GetYourGuide traveler – United States,,2026-05-11,https://www.getyourguide.com/paris-l16/paris-magical-montmartre-without-the-crowds-t592477/,2026-06-17T22:46:08+00:00
getyourguide,Paris: Montmartre Guided Walking Tour,4,GetYourGuide traveler – United Kingdom,Knowledgeable guide with humorous anecdotes,2026-05-11,https://www.getyourguide.com/paris-l16/paris-magical-montmartre-without-the-crowds-t592477/,2026-06-17T22:46:08+00:00
getyourguide,Paris: Montmartre Guided Walking Tour,5,GetYourGuide traveler – Israel,The guide was amazing.,2026-05-11,https://www.getyourguide.com/paris-l16/paris-magical-montmartre-without-the-crowds-t592477/,2026-06-17T22:46:08+00:00
getyourguide,Paris: Montmartre Guided Walking Tour,5,GetYourGuide traveler – Germany,"Anna war ungemein liebenswürdig. Sie gestaltete die Tour abseits der Touristenmassen und wir konnten spannende Einblicke in die Entstehung und das Leben früher und heute in Montmartre gewinnen. Lehrreich, kurzweilig, humorvoll.. perfekte Mischung!",2026-05-10,https://www.getyourguide.com/paris-l16/paris-magical-montmartre-without-the-crowds-t592477/,2026-06-17T22:46:08+00:00
getyourguide,Paris: Montmartre Guided Walking Tour,5,Hannie – Belgium,,2026-05-09,https://www.getyourguide.com/paris-l16/paris-magical-montmartre-without-the-crowds-t592477/,2026-06-17T22:46:08+00:00
getyourguide,Paris: Montmartre Guided Walking Tour,5,Kathie – United States,,2026-05-09,https://www.getyourguide.com/paris-l16/paris-magical-montmartre-without-the-crowds-t592477/,2026-06-17T22:46:08+00:00
getyourguide,Paris: Montmartre Guided Walking Tour,5,Talita – Brazil,"O Guia Yago é maravilhoso, tornou o tour leve e divertido!",2026-05-07,https://www.getyourguide.com/paris-l16/paris-magical-montmartre-without-the-crowds-t592477/,2026-06-17T22:46:08+00:00
getyourguide,Paris: Montmartre Guided Walking Tour,5,Robert – Australia,"Maria was a great guide, revealing a lot of fascinating details about the area. This tour is thoroughly recommended - so glad I went!",2026-05-07,https://www.getyourguide.com/paris-l16/paris-magical-montmartre-without-the-crowds-t592477/,2026-06-17T22:46:08+00:00
getyourguide,Paris: Montmartre Guided Walking Tour,4,Marco – Italy,,2026-05-06,https://www.getyourguide.com/paris-l16/paris-magical-montmartre-without-the-crowds-t592477/,2026-06-17T22:46:08+00:00
getyourguide,Paris: Montmartre Guided Walking Tour,5,GetYourGuide traveler – Germany,,2026-05-06,https://www.getyourguide.com/paris-l16/paris-magical-montmartre-without-the-crowds-t592477/,2026-06-17T22:46:08+00:00
getyourguide,Paris: Montmartre Guided Walking Tour,5,GetYourGuide traveler – Canada,,2026-05-06,https://www.getyourguide.com/paris-l16/paris-magical-montmartre-without-the-crowds-t592477/,2026-06-17T22:46:08+00:00
getyourguide,Paris: Montmartre Guided Walking Tour,4,Sanna – Sweden,Very nice to hear the history of Monmartre The guide was very engaged and knew a lot of details. Very entertaining and interesting.,2026-05-05,https://www.getyourguide.com/paris-l16/paris-magical-montmartre-without-the-crowds-t592477/,2026-06-17T22:46:08+00:00
getyourguide,Paris: Montmartre Guided Walking Tour,5,GetYourGuide traveler – Germany,,2026-05-04,https://www.getyourguide.com/paris-l16/paris-magical-montmartre-without-the-crowds-t592477/,2026-06-17T22:46:08+00:00
getyourguide,Paris: Montmartre Guided Walking Tour,5,GetYourGuide traveler – Italy,"Bellissimo tour! La guida era simpatica, gentile, preparata e competente. Ci ha fatto scoprire la storia e alcune strade di Montmartre che da soli probabilmente non avremmo mai percorso. Lo rifarei. Vivamente consigliato!",2026-05-03,https://www.getyourguide.com/paris-l16/paris-magical-montmartre-without-the-crowds-t592477/,2026-06-17T22:46:08+00:00
getyourguide,Paris: Montmartre Guided Walking Tour,5,Ellen – Netherlands,De gids was enorm leuk. Hij spreekt heel duidelijk zodat iedereen het begrijpt. Hij had overal leuke verhalen bij. De wandeling liet ons een mooi plekje van Parijs zien.,2026-05-01,https://www.getyourguide.com/paris-l16/paris-magical-montmartre-without-the-crowds-t592477/,2026-06-17T22:46:08+00:00
getyourguide,Paris: Montmartre Guided Walking Tour,5,Rafael – United States,Excellent our tour guide was very good it brought this neighborhood into life and Paris as well definitely recommend it.,2026-04-30,https://www.getyourguide.com/paris-l16/paris-magical-montmartre-without-the-crowds-t592477/,2026-06-17T22:46:08+00:00
getyourguide,Paris: Montmartre Guided Walking Tour,5,GetYourGuide traveler – Netherlands,,2026-04-28,https://www.getyourguide.com/paris-l16/paris-magical-montmartre-without-the-crowds-t592477/,2026-06-17T22:46:08+00:00
getyourguide,Paris: Montmartre Guided Walking Tour,5,Tammy – United States,"Excellent, able to see things we never would have known about on our own",2026-04-28,https://www.getyourguide.com/paris-l16/paris-magical-montmartre-without-the-crowds-t592477/,2026-06-17T22:46:08+00:00
getyourguide,Paris: Montmartre Guided Walking Tour,4,Roy – Netherlands,"Diana (de gids) maakte deze tour echt ontzettend leuk. Ze was erg enthousiast en vertelde alles op een hele prettige en boeiende manier. Aan het einde gaf ze bovendien nog tips over leuke, kleinere plekjes waar je daarna rustig kunt nagenieten. Absoluut een aanrader!",2026-04-28,https://www.getyourguide.com/paris-l16/paris-magical-montmartre-without-the-crowds-t592477/,2026-06-17T22:46:08+00:00
getyourguide,Paris: Montmartre Guided Walking Tour,5,GetYourGuide traveler – Netherlands,Fijne tour niet te moeilijk,2026-04-27,https://www.getyourguide.com/paris-l16/paris-magical-montmartre-without-the-crowds-t592477/,2026-06-17T22:46:08+00:00
getyourguide,Paris: Montmartre Guided Walking Tour,5,GetYourGuide traveler – United States,,2026-04-27,https://www.getyourguide.com/paris-l16/paris-magical-montmartre-without-the-crowds-t592477/,2026-06-17T22:46:08+00:00
getyourguide,Paris: Montmartre Guided Walking Tour,5,Cornelia – Germany,,2026-04-26,https://www.getyourguide.com/paris-l16/paris-magical-montmartre-without-the-crowds-t592477/,2026-06-17T22:46:08+00:00
getyourguide,Paris: Montmartre Guided Walking Tour,5,GetYourGuide traveler – Norway,"Super omvisning med god informasjon fra en engasjert, blid og omgjengelig guide!",2026-04-26,https://www.getyourguide.com/paris-l16/paris-magical-montmartre-without-the-crowds-t592477/,2026-06-17T22:46:08+00:00
getyourguide,Paris: Montmartre Guided Walking Tour,5,GetYourGuide traveler – United States,,2026-04-25,https://www.getyourguide.com/paris-l16/paris-magical-montmartre-without-the-crowds-t592477/,2026-06-17T22:46:08+00:00
getyourguide,Paris: Montmartre Guided Walking Tour,3,GetYourGuide traveler – Austria,"Recht gut, aber nichts für Fussfaule, schade das wir nicht zusammen id Sacre c. Gegangen sind, war eine zulange Warteschlange.",2026-04-25,https://www.getyourguide.com/paris-l16/paris-magical-montmartre-without-the-crowds-t592477/,2026-06-17T22:46:08+00:00
getyourguide,Paris: Montmartre Guided Walking Tour,5,Jessica – United States,"I can’t say enough good things about our guide, Max. He was incredibly knowledgeable, informative, and funny. He kept everyone engaged throughout. And also maintained a good walking pace, which sounds small but makes a big difference. We learned a ton and had a completely wonderful experience.",2026-04-25,https://www.getyourguide.com/paris-l16/paris-magical-montmartre-without-the-crowds-t592477/,2026-06-17T22:46:08+00:00
getyourguide,Paris: Montmartre Guided Walking Tour,5,GetYourGuide traveler – Germany,Die Tour war sehr schön und der Guide war sehr angenehm. Wir haben außerdem sehr schöne Eindrücke bekommen und hatten viel Spaß.,2026-04-23,https://www.getyourguide.com/paris-l16/paris-magical-montmartre-without-the-crowds-t592477/,2026-06-17T22:46:08+00:00
getyourguide,Paris: Montmartre Guided Walking Tour,5,GetYourGuide traveler – Canada,We had a wonderful guide who was very knowledgeable and made it fun. Sometimes it was hard to follow as we had a very large group of 15+ attending the tour.,2026-04-22,https://www.getyourguide.com/paris-l16/paris-magical-montmartre-without-the-crowds-t592477/,2026-06-17T22:46:08+00:00
getyourguide,Paris: Montmartre Guided Walking Tour,5,ARLENE – United States,Marie was GREAT! She made the tour come alive!!!!,2026-04-22,https://www.getyourguide.com/paris-l16/paris-magical-montmartre-without-the-crowds-t592477/,2026-06-17T22:46:08+00:00
getyourguide,Paris: Montmartre Guided Walking Tour,5,Robert – Spain,Perfect!,2026-04-21,https://www.getyourguide.com/paris-l16/paris-magical-montmartre-without-the-crowds-t592477/,2026-06-17T22:46:08+00:00
getyourguide,Paris: Montmartre Guided Walking Tour,4,Astrid – Austria,"Ich habe erst vor Ort erfahren, dass das eigentlich eine""free""tour mit Trinkgeld für guide ist. Finde ich nicht gut",2026-04-21,https://www.getyourguide.com/paris-l16/paris-magical-montmartre-without-the-crowds-t592477/,2026-06-17T22:46:08+00:00
getyourguide,Paris: Montmartre Guided Walking Tour,5,GetYourGuide traveler – United States,Yafo was great! We had a lovely time and learned a lot. We especially loved his helpful picture book that brought the stories to life.,2026-04-20,https://www.getyourguide.com/paris-l16/paris-magical-montmartre-without-the-crowds-t592477/,2026-06-17T22:46:08+00:00
getyourguide,Paris: Montmartre Guided Walking Tour,5,Alexandra – United States,Our tour was excellent and our guide was extremely knowledgeable about the area and even had great recommendations of areas to explore after the tour.,2026-04-19,https://www.getyourguide.com/paris-l16/paris-magical-montmartre-without-the-crowds-t592477/,2026-06-17T22:46:08+00:00
getyourguide,Paris: Montmartre Guided Walking Tour,5,GetYourGuide traveler – United States,,2026-04-18,https://www.getyourguide.com/paris-l16/paris-magical-montmartre-without-the-crowds-t592477/,2026-06-17T22:46:08+00:00
getyourguide,Paris: Montmartre Guided Walking Tour,5,GetYourGuide traveler – United Kingdom,Excellent,2026-04-16,https://www.getyourguide.com/paris-l16/paris-magical-montmartre-without-the-crowds-t592477/,2026-06-17T22:46:08+00:00
getyourguide,Paris: Montmartre Guided Walking Tour,5,Julie – United Kingdom,Went with our 2 teenagers and would definitely recommend. Easy to spot the guide in his link waistcoat and didn’t seem that we were walking too far and was at a nice pace. I don’t think we’d have made the most of our afternoon at Montmatre if it hadn’t have been for the tour/guide as we wouldn’t have known about half the places. Would highly recommend and I feel it was a good price - thank you,2026-04-16,https://www.getyourguide.com/paris-l16/paris-magical-montmartre-without-the-crowds-t592477/,2026-06-17T22:46:08+00:00
getyourguide,Paris: Montmartre Guided Walking Tour,5,GetYourGuide traveler – Italy,Wow!,2026-04-15,https://www.getyourguide.com/paris-l16/paris-magical-montmartre-without-the-crowds-t592477/,2026-06-17T22:46:08+00:00
getyourguide,Paris: Montmartre Guided Walking Tour,5,GetYourGuide traveler – United Kingdom,,2026-04-15,https://www.getyourguide.com/paris-l16/paris-magical-montmartre-without-the-crowds-t592477/,2026-06-17T22:46:08+00:00
getyourguide,Paris: Montmartre Guided Walking Tour,4,GetYourGuide traveler – Canada,,2026-04-15,https://www.getyourguide.com/paris-l16/paris-magical-montmartre-without-the-crowds-t592477/,2026-06-17T22:46:08+00:00
getyourguide,Paris: Montmartre Guided Walking Tour,2,Mareike – Germany,"Der Guide war sehr schlecht zu verstehen. An der Straße mit viel Verkehr hat sie viel zu leise gesprochen. Sie hat außer den Hinweisen zur Security nichts über den Eiffelturm erzählt, stattdessen hat sie sich fast die gesamte Zeit nur mit ihrem Handy beschäftigt. Wir haben mehr durch Zuhören von Erklärungen von anderen Guides erfahren, als wir in der Schlange gewartet haben. Nicht zu empfehlen.",2026-04-14,https://www.getyourguide.com/paris-l16/paris-magical-montmartre-without-the-crowds-t592477/,2026-06-17T22:46:08+00:00
getyourguide,Paris: Montmartre Guided Walking Tour,5,GetYourGuide traveler – Spain,"Excelente. Se notaba que la guía tenía mucha experiencia y conocía de primera mano la zona. Aportó información muy interesante y bien contextualizada. Nos llevó por lugares que no están en los sitios más concurridos y nos mostró locaciones desconocidas para nosotros, explicando porqué eran relevantes. Además, tenía una manera de hablar muy agradable y fácil de seguir.",2026-04-13,https://www.getyourguide.com/paris-l16/paris-magical-montmartre-without-the-crowds-t592477/,2026-06-17T22:46:08+00:00
getyourguide,Paris: Montmartre Guided Walking Tour,5,Ruud – Netherlands,Super leuke tour gehad dankzij onze geweldige gids Nicole 👌🏻,2026-04-13,https://www.getyourguide.com/paris-l16/paris-magical-montmartre-without-the-crowds-t592477/,2026-06-17T22:46:08+00:00
getyourguide,Paris: Montmartre Guided Walking Tour,5,GetYourGuide traveler – Australia,,2026-04-13,https://www.getyourguide.com/paris-l16/paris-magical-montmartre-without-the-crowds-t592477/,2026-06-17T22:46:08+00:00
getyourguide,Paris: Montmartre Guided Walking Tour,4,Kaj – Finland,,2026-04-12,https://www.getyourguide.com/paris-l16/paris-magical-montmartre-without-the-crowds-t592477/,2026-06-17T22:46:08+00:00
getyourguide,Paris: Montmartre Guided Walking Tour,5,Steve – United Kingdom,"very friendly, very informative, lots of unexpected extra things to see",2026-04-12,https://www.getyourguide.com/paris-l16/paris-magical-montmartre-without-the-crowds-t592477/,2026-06-17T22:46:08+00:00
getyourguide,Paris: Montmartre Guided Walking Tour,4,Jodi – United States,Guide was very knowledgeable and was a good tour. Only criticism is sometimes a little curt and off putting with mannerisms.,2026-04-11,https://www.getyourguide.com/paris-l16/paris-magical-montmartre-without-the-crowds-t592477/,2026-06-17T22:46:08+00:00
getyourguide,Paris: Montmartre Guided Walking Tour,4,Priscilla – Nigeria,The tour guide was really knowledgeable and you can tell that he loves talking about Montmatre and he had done his research to make the tour as informative and engaging as possible. He also kept checking in to make sure everyone was following along. I would recommend this tour.,2026-04-11,https://www.getyourguide.com/paris-l16/paris-magical-montmartre-without-the-crowds-t592477/,2026-06-17T22:46:08+00:00
getyourguide,Paris: Montmartre Guided Walking Tour,5,GetYourGuide traveler – Romania,,2026-04-11,https://www.getyourguide.com/paris-l16/paris-magical-montmartre-without-the-crowds-t592477/,2026-06-17T22:46:08+00:00
getyourguide,Paris: Montmartre Guided Walking Tour,5,Sarah – Germany,,2026-04-10,https://www.getyourguide.com/paris-l16/paris-magical-montmartre-without-the-crowds-t592477/,2026-06-17T22:46:08+00:00
getyourguide,Paris: Montmartre Guided Walking Tour,5,Annet – Netherlands,leuke enthousiaste gids met veel achtergrond kennis en verhalen over Montmartre,2026-04-10,https://www.getyourguide.com/paris-l16/paris-magical-montmartre-without-the-crowds-t592477/,2026-06-17T22:46:08+00:00
getyourguide,Paris: Montmartre Guided Walking Tour,5,GetYourGuide traveler – Bosnia and Herzegovina,This tour was OK but be aware when you buy some ticket or tour this service provider could mot guaratnee that ticket or pass even if you finish purchase.,2026-04-10,https://www.getyourguide.com/paris-l16/paris-magical-montmartre-without-the-crowds-t592477/,2026-06-17T22:46:08+00:00
getyourguide,Paris: Montmartre Guided Walking Tour,5,Daniela – Germany,Es war sehr interessant! Maria war super nett und hat sehr verständlich gesprochen. Eine schöne kurzweilige Tour.,2026-04-10,https://www.getyourguide.com/paris-l16/paris-magical-montmartre-without-the-crowds-t592477/,2026-06-17T22:46:08+00:00
getyourguide,Paris: Montmartre Guided Walking Tour,5,GetYourGuide traveler – United Kingdom,,2026-04-10,https://www.getyourguide.com/paris-l16/paris-magical-montmartre-without-the-crowds-t592477/,2026-06-17T22:46:08+00:00
getyourguide,Paris: Montmartre Guided Walking Tour,5,GetYourGuide traveler – Germany,"Sehr interessante Tour, eine ganz tolle Dame, die uns geführt hat, sehr belesen und interessanten",2026-04-09,https://www.getyourguide.com/paris-l16/paris-magical-montmartre-without-the-crowds-t592477/,2026-06-17T22:46:08+00:00
getyourguide,Paris: Montmartre Guided Walking Tour,5,GetYourGuide traveler – United Kingdom,Fun interesting and perfect for a feel of Montmartre,2026-04-09,https://www.getyourguide.com/paris-l16/paris-magical-montmartre-without-the-crowds-t592477/,2026-06-17T22:46:08+00:00
getyourguide,Paris: Montmartre Guided Walking Tour,5,Nisrin – Germany,Die Tour war super und Anna auch,2026-04-09,https://www.getyourguide.com/paris-l16/paris-magical-montmartre-without-the-crowds-t592477/,2026-06-17T22:46:08+00:00
getyourguide,Paris: Montmartre Guided Walking Tour,5,Claudia – Germany,"sehr informativ, 1,5 Stunden waren völlig ausreichend",2026-04-07,https://www.getyourguide.com/paris-l16/paris-magical-montmartre-without-the-crowds-t592477/,2026-06-17T22:46:08+00:00
getyourguide,Paris: Montmartre Guided Walking Tour,5,GetYourGuide traveler – Sweden,,2026-04-07,https://www.getyourguide.com/paris-l16/paris-magical-montmartre-without-the-crowds-t592477/,2026-06-17T22:46:08+00:00
getyourguide,Paris: Montmartre Guided Walking Tour,5,Heidi – Germany,"Max war ein sehr netter Guide mit viel Wissen über Kunst und Geschichte, war stets offen für Fragen und hat uns in die Ecken geführt, die nicht überflutet von Touristen waren! Sehr empfehlenswerte Tour! Montmartre sollte man sich unbedingt anschauen und bei einem Paris-Trip nicht entgehen lassen!",2026-04-07,https://www.getyourguide.com/paris-l16/paris-magical-montmartre-without-the-crowds-t592477/,2026-06-17T22:46:08+00:00
getyourguide,Paris: Montmartre Guided Walking Tour,5,Petra – Austria,,2026-04-06,https://www.getyourguide.com/paris-l16/paris-magical-montmartre-without-the-crowds-t592477/,2026-06-17T22:46:08+00:00
getyourguide,Paris: Montmartre Guided Walking Tour,5,Sorin – United Kingdom,"Anne(Anais?) was an excellent guide for us. She is lively and easy going. We’ve learned a lot during our trip with her. A good experience that we would repeat in other parts of Paris. She showed us parts of Montmartre that otherwise we would not know of ,or the meaning and history behind it.",2026-04-06,https://www.getyourguide.com/paris-l16/paris-magical-montmartre-without-the-crowds-t592477/,2026-06-17T22:46:08+00:00
getyourguide,Paris: Montmartre Guided Walking Tour,5,Marta – Turkey,"Our guide Anna was super knowledgeable, friendly and interested to deliver the best experience. One of the best experiences in Paris.",2026-04-05,https://www.getyourguide.com/paris-l16/paris-magical-montmartre-without-the-crowds-t592477/,2026-06-17T22:46:08+00:00
getyourguide,Paris: Montmartre Guided Walking Tour,5,Kristi – Estonia,,2026-04-05,https://www.getyourguide.com/paris-l16/paris-magical-montmartre-without-the-crowds-t592477/,2026-06-17T22:46:08+00:00
getyourguide,Paris: Montmartre Guided Walking Tour,5,GetYourGuide traveler – Germany,,2026-04-04,https://www.getyourguide.com/paris-l16/paris-magical-montmartre-without-the-crowds-t592477/,2026-06-17T22:46:08+00:00
getyourguide,Paris: Montmartre Guided Walking Tour,5,GetYourGuide traveler – United States,Our tour guide Maria was knowledgeable and interesting.,2026-04-04,https://www.getyourguide.com/paris-l16/paris-magical-montmartre-without-the-crowds-t592477/,2026-06-17T22:46:08+00:00
getyourguide,Paris: Montmartre Guided Walking Tour,5,Elena – Germany,,2026-04-04,https://www.getyourguide.com/paris-l16/paris-magical-montmartre-without-the-crowds-t592477/,2026-06-17T22:46:08+00:00
getyourguide,Paris: Montmartre Guided Walking Tour,5,Alice – United Kingdom,"This tour was great! Yago was so friendly and helpful, and had lots of interesting stories as well as personal anecdotes and recommendations which we really appreciated!",2026-04-03,https://www.getyourguide.com/paris-l16/paris-magical-montmartre-without-the-crowds-t592477/,2026-06-17T22:46:08+00:00
getyourguide,Paris: Montmartre Guided Walking Tour,5,Sandy – Canada,"Anaelle provided a wonderful tour full of anecdotes about Montmartre. Not only was Anaelle knowledgeable and entertaining, she is to be commended for managing the group through some difficult construction areas and their accompanying noise. We truly enjoyed her expertise and her animated story telling style. Having been our last day in Paris, Anaelle contributed to some lasting and very fond memories. Thank you Anaelle for a fantastic tour!",2026-04-02,https://www.getyourguide.com/paris-l16/paris-magical-montmartre-without-the-crowds-t592477/,2026-06-17T22:46:08+00:00
getyourguide,Paris: Montmartre Guided Walking Tour,5,Jessica – Germany,,2026-04-01,https://www.getyourguide.com/paris-l16/paris-magical-montmartre-without-the-crowds-t592477/,2026-06-17T22:46:08+00:00
getyourguide,Paris: Montmartre Guided Walking Tour,5,GetYourGuide traveler – Germany,"Sehr viele interessante Geschichten und gut durch die Steigungen manövriert, sodass es entspannt und kurzweilig war. Floh war super! Empfehlenswert.",2026-04-01,https://www.getyourguide.com/paris-l16/paris-magical-montmartre-without-the-crowds-t592477/,2026-06-17T22:46:08+00:00
getyourguide,Paris: Montmartre Guided Walking Tour,5,Jennifer – United States,Great start to the day in Montmartre for Paris newbies. Would have missed so much without a guide. Loved the history and this charming arrondissement.,2026-03-30,https://www.getyourguide.com/paris-l16/paris-magical-montmartre-without-the-crowds-t592477/,2026-06-17T22:46:08+00:00
getyourguide,Paris: Montmartre Guided Walking Tour,5,GetYourGuide traveler – Germany,Die Tour war richtig super und sehr kurzweilig! Die Stadtführerin hat uns alles schön und mit Humor erklärt!! Sehr zu empfehlen!,2026-03-30,https://www.getyourguide.com/paris-l16/paris-magical-montmartre-without-the-crowds-t592477/,2026-06-17T22:46:08+00:00
getyourguide,Paris: Montmartre Guided Walking Tour,5,GetYourGuide traveler – Ukraine,,2026-03-30,https://www.getyourguide.com/paris-l16/paris-magical-montmartre-without-the-crowds-t592477/,2026-06-17T22:46:08+00:00
getyourguide,Paris: Montmartre Guided Walking Tour,4,GetYourGuide traveler – United Kingdom,Great! The guide was very clear and her love of art came through,2026-03-29,https://www.getyourguide.com/paris-l16/paris-magical-montmartre-without-the-crowds-t592477/,2026-06-17T22:46:08+00:00
getyourguide,Paris: Montmartre Guided Walking Tour,5,GetYourGuide traveler – Poland,,2026-03-29,https://www.getyourguide.com/paris-l16/paris-magical-montmartre-without-the-crowds-t592477/,2026-06-17T22:46:08+00:00
getyourguide,Paris: Montmartre Guided Walking Tour,5,Sandra – Australia,,2026-03-29,https://www.getyourguide.com/paris-l16/paris-magical-montmartre-without-the-crowds-t592477/,2026-06-17T22:46:08+00:00
getyourguide,Paris: Montmartre Guided Walking Tour,5,GetYourGuide traveler – United States,,2026-03-28,https://www.getyourguide.com/paris-l16/paris-magical-montmartre-without-the-crowds-t592477/,2026-06-17T22:46:08+00:00
getyourguide,Paris: Montmartre Guided Walking Tour,5,Olena – Germany,,2026-03-28,https://www.getyourguide.com/paris-l16/paris-magical-montmartre-without-the-crowds-t592477/,2026-06-17T22:46:08+00:00
getyourguide,Paris: Montmartre Guided Walking Tour,5,GetYourGuide traveler – Slovenia,"Prfect tour, the guid was great.",2026-03-28,https://www.getyourguide.com/paris-l16/paris-magical-montmartre-without-the-crowds-t592477/,2026-06-17T22:46:08+00:00
getyourguide,Paris: Montmartre Guided Walking Tour,5,GetYourGuide traveler – United States,,2026-03-27,https://www.getyourguide.com/paris-l16/paris-magical-montmartre-without-the-crowds-t592477/,2026-06-17T22:46:08+00:00
getyourguide,Paris: Montmartre Guided Walking Tour,5,Elena – Romania,,2026-03-27,https://www.getyourguide.com/paris-l16/paris-magical-montmartre-without-the-crowds-t592477/,2026-06-17T22:46:08+00:00
getyourguide,Paris: Montmartre Guided Walking Tour,5,GetYourGuide traveler – United States,,2026-03-24,https://www.getyourguide.com/paris-l16/paris-magical-montmartre-without-the-crowds-t592477/,2026-06-17T22:46:08+00:00
getyourguide,Paris: Montmartre Guided Walking Tour,5,Maike – Germany,Route. Erklärungen,2026-03-23,https://www.getyourguide.com/paris-l16/paris-magical-montmartre-without-the-crowds-t592477/,2026-06-17T22:46:08+00:00
getyourguide,Paris: Montmartre Guided Walking Tour,5,caroline – France,anaelle ete super. elle rentre vraiment dans les details. le quartier est sympa et plein de petites rues.,2026-03-23,https://www.getyourguide.com/paris-l16/paris-magical-montmartre-without-the-crowds-t592477/,2026-06-17T22:46:08+00:00
getyourguide,Paris: Montmartre Guided Walking Tour,5,GetYourGuide traveler – United States,It was excellent !!!,2026-03-22,https://www.getyourguide.com/paris-l16/paris-magical-montmartre-without-the-crowds-t592477/,2026-06-17T22:46:08+00:00
getyourguide,Paris: Montmartre Guided Walking Tour,5,GetYourGuide traveler – Netherlands,Eliza was very informative and knowledgeable and funny,2026-03-22,https://www.getyourguide.com/paris-l16/paris-magical-montmartre-without-the-crowds-t592477/,2026-06-17T22:46:08+00:00
getyourguide,Paris: Montmartre Guided Walking Tour,5,GetYourGuide traveler – France,,2026-03-22,https://www.getyourguide.com/paris-l16/paris-magical-montmartre-without-the-crowds-t592477/,2026-06-17T22:46:08+00:00
getyourguide,Paris: Montmartre Guided Walking Tour,5,GetYourGuide traveler – Belgium,,2026-03-21,https://www.getyourguide.com/paris-l16/paris-magical-montmartre-without-the-crowds-t592477/,2026-06-17T22:46:08+00:00
getyourguide,Paris: Montmartre Guided Walking Tour,5,Antony – United Kingdom,"Elize was an entertaining and excellent guide, we really enjoyed our tour of Montmartre with her.",2026-03-21,https://www.getyourguide.com/paris-l16/paris-magical-montmartre-without-the-crowds-t592477/,2026-06-17T22:46:08+00:00
getyourguide,Paris: Montmartre Guided Walking Tour,5,GetYourGuide traveler – Turkey,,2026-03-20,https://www.getyourguide.com/paris-l16/paris-magical-montmartre-without-the-crowds-t592477/,2026-06-17T22:46:08+00:00
getyourguide,Paris: Montmartre Guided Walking Tour,5,GetYourGuide traveler – Germany,,2026-03-20,https://www.getyourguide.com/paris-l16/paris-magical-montmartre-without-the-crowds-t592477/,2026-06-17T22:46:08+00:00
getyourguide,Paris: Montmartre Guided Walking Tour,5,GetYourGuide traveler – Canada,,2026-03-18,https://www.getyourguide.com/paris-l16/paris-magical-montmartre-without-the-crowds-t592477/,2026-06-17T22:46:08+00:00
getyourguide,Paris: Montmartre Guided Walking Tour,4,GetYourGuide traveler – United Kingdom,,2026-03-18,https://www.getyourguide.com/paris-l16/paris-magical-montmartre-without-the-crowds-t592477/,2026-06-17T22:46:08+00:00
getyourguide,Paris: Montmartre Guided Walking Tour,5,GetYourGuide traveler – Belgium,,2026-03-16,https://www.getyourguide.com/paris-l16/paris-magical-montmartre-without-the-crowds-t592477/,2026-06-17T22:46:08+00:00
getyourguide,Paris: Montmartre Guided Walking Tour,5,Vera – France,,2026-03-14,https://www.getyourguide.com/paris-l16/paris-magical-montmartre-without-the-crowds-t592477/,2026-06-17T22:46:08+00:00
getyourguide,Paris: Montmartre Guided Walking Tour,5,GetYourGuide traveler – Finland,"An excellent tour, the best possible guide, we were really impressed by his knowledge and dedication. We feel lucky to have been guided by him!",2026-03-13,https://www.getyourguide.com/paris-l16/paris-magical-montmartre-without-the-crowds-t592477/,2026-06-17T22:46:08+00:00
getyourguide,Paris: Montmartre Guided Walking Tour,5,GetYourGuide traveler – United Kingdom,,2026-03-12,https://www.getyourguide.com/paris-l16/paris-magical-montmartre-without-the-crowds-t592477/,2026-06-17T22:46:08+00:00
getyourguide,Paris: Montmartre Guided Walking Tour,5,GetYourGuide traveler – Australia,,2026-03-09,https://www.getyourguide.com/paris-l16/paris-magical-montmartre-without-the-crowds-t592477/,2026-06-17T22:46:08+00:00
getyourguide,Paris: Montmartre Guided Walking Tour,5,Ana – United Kingdom,"We enjoyed a lot the tour with Yago, he shared with us the hidden gems of Montmartre and related wih passion the history of the place, showed us old pictures and made the whole tour very exciting, whilst avoiding the crowds. We will always remember this tour.",2026-03-07,https://www.getyourguide.com/paris-l16/paris-magical-montmartre-without-the-crowds-t592477/,2026-06-17T22:46:08+00:00
getyourguide,Paris: Montmartre Guided Walking Tour,4,GetYourGuide traveler – United Kingdom,,2026-03-07,https://www.getyourguide.com/paris-l16/paris-magical-montmartre-without-the-crowds-t592477/,2026-06-17T22:46:08+00:00
getyourguide,Paris: Montmartre Guided Walking Tour,5,Renaud – France,,2026-03-07,https://www.getyourguide.com/paris-l16/paris-magical-montmartre-without-the-crowds-t592477/,2026-06-17T22:46:08+00:00
getyourguide,Paris: Montmartre Guided Walking Tour,5,Lili – Hungary,"Our guide was Yago, who has an outstanding amount of knowledge of art and history. He was very kind and caring. Thank you for having us!",2026-03-06,https://www.getyourguide.com/paris-l16/paris-magical-montmartre-without-the-crowds-t592477/,2026-06-17T22:46:08+00:00
getyourguide,Paris: Montmartre Guided Walking Tour,5,GetYourGuide traveler – France,Genial,2026-03-05,https://www.getyourguide.com/paris-l16/paris-magical-montmartre-without-the-crowds-t592477/,2026-06-17T22:46:08+00:00
getyourguide,Paris: Montmartre Guided Walking Tour,5,Vivian – United States,"This was a FanTastic tour of Montmantre, mainly because of our guide Nicole!!!!!!! She was bubbly, considerate, enthusiastic, & Very Smart!!! We had already been to the top & to Sacre Coeur, & since I have Afib & two arthritic knees, we dropped out of the tour before it ended. Also, it was raining making it more unfavorable. But Nicole is the Best GYG we have ever had! We Loved her!",2026-03-04,https://www.getyourguide.com/paris-l16/paris-magical-montmartre-without-the-crowds-t592477/,2026-06-17T22:46:08+00:00
getyourguide,Paris: Montmartre Guided Walking Tour,5,Liselotte – Netherlands,Hele leuke tour! Ze heet veel laten zien en vertelt!,2026-03-03,https://www.getyourguide.com/paris-l16/paris-magical-montmartre-without-the-crowds-t592477/,2026-06-17T22:46:08+00:00
getyourguide,Paris: Montmartre Guided Walking Tour,5,GetYourGuide traveler – Norway,Ana was an excellent guide.,2026-03-02,https://www.getyourguide.com/paris-l16/paris-magical-montmartre-without-the-crowds-t592477/,2026-06-17T22:46:08+00:00
getyourguide,Paris: Montmartre Guided Walking Tour,5,Paulina – Mexico,Good :),2026-03-01,https://www.getyourguide.com/paris-l16/paris-magical-montmartre-without-the-crowds-t592477/,2026-06-17T22:46:08+00:00
getyourguide,Paris: Montmartre Guided Walking Tour,5,Tania – United Kingdom,Excellent!,2026-02-28,https://www.getyourguide.com/paris-l16/paris-magical-montmartre-without-the-crowds-t592477/,2026-06-17T22:46:08+00:00
getyourguide,Paris: Montmartre Guided Walking Tour,5,GetYourGuide traveler – United Kingdom,,2026-02-28,https://www.getyourguide.com/paris-l16/paris-magical-montmartre-without-the-crowds-t592477/,2026-06-17T22:46:08+00:00
getyourguide,Paris: Montmartre Guided Walking Tour,5,Francesca – Germany,"Yago did a very good job, well organized and we spent a beautiful morning together. It was a pleasure and we enjoyed the time on the way to Sacre Coeur.",2026-02-26,https://www.getyourguide.com/paris-l16/paris-magical-montmartre-without-the-crowds-t592477/,2026-06-17T22:46:08+00:00
getyourguide,Paris: Montmartre Guided Walking Tour,5,Andrea – Latvia,,2026-02-26,https://www.getyourguide.com/paris-l16/paris-magical-montmartre-without-the-crowds-t592477/,2026-06-17T22:46:08+00:00
getyourguide,Paris: Montmartre Guided Walking Tour,5,Federica – Italy,Ci siamo trovati molto bene. La nostra guida preparata ed è stato bello avere informazioni sugli artisti e del quartiere.,2026-02-26,https://www.getyourguide.com/paris-l16/paris-magical-montmartre-without-the-crowds-t592477/,2026-06-17T22:46:08+00:00
getyourguide,Paris: Montmartre Guided Walking Tour,5,Beverley – United Kingdom,"Really enjoyed this tour, the guide was accommodating and knowledgeable.",2026-02-25,https://www.getyourguide.com/paris-l16/paris-magical-montmartre-without-the-crowds-t592477/,2026-06-17T22:46:08+00:00
getyourguide,Paris: Montmartre Guided Walking Tour,5,Kirsty – United Kingdom,Informative and great fun!,2026-02-25,https://www.getyourguide.com/paris-l16/paris-magical-montmartre-without-the-crowds-t592477/,2026-06-17T22:46:08+00:00
getyourguide,Paris: Montmartre Guided Walking Tour,5,GetYourGuide traveler – France,,2026-02-23,https://www.getyourguide.com/paris-l16/paris-magical-montmartre-without-the-crowds-t592477/,2026-06-17T22:46:08+00:00
getyourguide,Paris: Montmartre Guided Walking Tour,5,Rohit – United Kingdom,"Yago, the artistic expert. He was the man with complete facts you need to know. A complete experience, worth it !!! Thank you",2026-02-22,https://www.getyourguide.com/paris-l16/paris-magical-montmartre-without-the-crowds-t592477/,2026-06-17T22:46:08+00:00
getyourguide,Paris: Montmartre Guided Walking Tour,5,GetYourGuide traveler – United States,,2026-02-19,https://www.getyourguide.com/paris-l16/paris-magical-montmartre-without-the-crowds-t592477/,2026-06-17T22:46:08+00:00
getyourguide,Paris: Montmartre Guided Walking Tour,5,GetYourGuide traveler – United States,,2026-02-18,https://www.getyourguide.com/paris-l16/paris-magical-montmartre-without-the-crowds-t592477/,2026-06-17T22:46:08+00:00
getyourguide,Paris: Montmartre Guided Walking Tour,5,Stephen A – United Kingdom,"The guide was excellent, very passionate about her subject and really took her time to make sure everyone enjoyed the experience. One of the best tours I’ve been on. Definitely recommend the trip and the guide to anyone visiting Paris.",2026-02-18,https://www.getyourguide.com/paris-l16/paris-magical-montmartre-without-the-crowds-t592477/,2026-06-17T22:46:08+00:00
getyourguide,Paris: Montmartre Guided Walking Tour,4,GetYourGuide traveler – United States,,2026-02-17,https://www.getyourguide.com/paris-l16/paris-magical-montmartre-without-the-crowds-t592477/,2026-06-17T22:46:08+00:00
getyourguide,Paris: Montmartre Guided Walking Tour,5,Maxence – Netherlands,,2026-02-17,https://www.getyourguide.com/paris-l16/paris-magical-montmartre-without-the-crowds-t592477/,2026-06-17T22:46:08+00:00
getyourguide,Paris: Montmartre Guided Walking Tour,5,GetYourGuide traveler – Italy,,2026-02-13,https://www.getyourguide.com/paris-l16/paris-magical-montmartre-without-the-crowds-t592477/,2026-06-17T22:46:08+00:00
getyourguide,Paris: Montmartre Guided Walking Tour,1,GetYourGuide traveler – France,,2026-02-13,https://www.getyourguide.com/paris-l16/paris-magical-montmartre-without-the-crowds-t592477/,2026-06-17T22:46:08+00:00
getyourguide,Paris: Montmartre Guided Walking Tour,3,GetYourGuide traveler – Germany,,2026-02-09,https://www.getyourguide.com/paris-l16/paris-magical-montmartre-without-the-crowds-t592477/,2026-06-17T22:46:08+00:00
getyourguide,Paris: Montmartre Guided Walking Tour,5,GetYourGuide traveler – Belgium,,2026-02-09,https://www.getyourguide.com/paris-l16/paris-magical-montmartre-without-the-crowds-t592477/,2026-06-17T22:46:08+00:00
getyourguide,Paris: Montmartre Guided Walking Tour,5,Gaby – United States,,2026-02-06,https://www.getyourguide.com/paris-l16/paris-magical-montmartre-without-the-crowds-t592477/,2026-06-17T22:46:08+00:00
getyourguide,Paris: Montmartre Guided Walking Tour,5,GetYourGuide traveler – New Zealand,,2026-02-03,https://www.getyourguide.com/paris-l16/paris-magical-montmartre-without-the-crowds-t592477/,2026-06-17T22:46:08+00:00
getyourguide,Paris: Montmartre Guided Walking Tour,5,GetYourGuide traveler – United States,,2026-01-26,https://www.getyourguide.com/paris-l16/paris-magical-montmartre-without-the-crowds-t592477/,2026-06-17T22:46:08+00:00
getyourguide,Paris: Montmartre Guided Walking Tour,5,GetYourGuide traveler – United States,,2026-01-25,https://www.getyourguide.com/paris-l16/paris-magical-montmartre-without-the-crowds-t592477/,2026-06-17T22:46:08+00:00
getyourguide,Paris: Montmartre Guided Walking Tour,5,GetYourGuide traveler – Russia,Guide was very open and kind and had good jokes)) I could advise him with all my heart ! Thanks,2026-01-25,https://www.getyourguide.com/paris-l16/paris-magical-montmartre-without-the-crowds-t592477/,2026-06-17T22:46:08+00:00
getyourguide,Paris: Montmartre Guided Walking Tour,5,Janet – Australia,,2026-01-21,https://www.getyourguide.com/paris-l16/paris-magical-montmartre-without-the-crowds-t592477/,2026-06-17T22:46:08+00:00
getyourguide,Paris: Montmartre Guided Walking Tour,5,Eva – Slovakia,,2026-01-20,https://www.getyourguide.com/paris-l16/paris-magical-montmartre-without-the-crowds-t592477/,2026-06-17T22:46:08+00:00
getyourguide,Paris: Montmartre Guided Walking Tour,5,GetYourGuide traveler – United States,,2026-01-16,https://www.getyourguide.com/paris-l16/paris-magical-montmartre-without-the-crowds-t592477/,2026-06-17T22:46:08+00:00
getyourguide,Paris: Montmartre Guided Walking Tour,5,GetYourGuide traveler – Poland,,2026-01-12,https://www.getyourguide.com/paris-l16/paris-magical-montmartre-without-the-crowds-t592477/,2026-06-17T22:46:08+00:00
getyourguide,Paris: Montmartre Guided Walking Tour,5,GetYourGuide traveler – Germany,,2026-01-11,https://www.getyourguide.com/paris-l16/paris-magical-montmartre-without-the-crowds-t592477/,2026-06-17T22:46:08+00:00
getyourguide,Paris: Montmartre Guided Walking Tour,5,Julie – Switzerland,"Nema, our guide was well informed, articulate, good with people, and passionate about Paris. We loved following in the footsteps of the great artists who flooded to mommartre in the 19thC. We saw the mill restaurant where m Renoir produced one of his most famous paintings. We saw the restaurant and grocery where Amelie was filmed, an award winning bakery, the shops that make Montmartre so special. We found out why Paris was a country for just a few months. I would highly recommend this tour.",2026-01-10,https://www.getyourguide.com/paris-l16/paris-magical-montmartre-without-the-crowds-t592477/,2026-06-17T22:46:08+00:00
getyourguide,Paris: Montmartre Guided Walking Tour,5,Mary – United States,,2026-01-07,https://www.getyourguide.com/paris-l16/paris-magical-montmartre-without-the-crowds-t592477/,2026-06-17T22:46:08+00:00
getyourguide,Paris: Montmartre Guided Walking Tour,5,GetYourGuide traveler – Germany,,2026-01-05,https://www.getyourguide.com/paris-l16/paris-magical-montmartre-without-the-crowds-t592477/,2026-06-17T22:46:08+00:00
getyourguide,Paris: Montmartre Guided Walking Tour,5,GetYourGuide traveler – United Kingdom,"Leonie was a great tour guide, very friendly and knowledgeable. This was an excellent tour we learnt a lot about the history of montmatre.",2026-01-04,https://www.getyourguide.com/paris-l16/paris-magical-montmartre-without-the-crowds-t592477/,2026-06-17T22:46:08+00:00
getyourguide,Paris: Montmartre Guided Walking Tour,5,Federico – Argentina,,2026-01-04,https://www.getyourguide.com/paris-l16/paris-magical-montmartre-without-the-crowds-t592477/,2026-06-17T22:46:08+00:00
getyourguide,Paris: Montmartre Guided Walking Tour,5,GetYourGuide traveler – United States,,2026-01-03,https://www.getyourguide.com/paris-l16/paris-magical-montmartre-without-the-crowds-t592477/,2026-06-17T22:46:08+00:00
getyourguide,Paris: Montmartre Guided Walking Tour,5,Francesca – France,"Une super visite guidée avec Anna! Une conférencière sympa, animée et passionnée!",2026-01-03,https://www.getyourguide.com/paris-l16/paris-magical-montmartre-without-the-crowds-t592477/,2026-06-17T22:46:08+00:00
getyourguide,Paris: Montmartre Guided Walking Tour,5,GetYourGuide traveler – Italy,Meraviglioso ! Interessante … da perfetta BO-BO: Leonie fantastica!,2026-01-02,https://www.getyourguide.com/paris-l16/paris-magical-montmartre-without-the-crowds-t592477/,2026-06-17T22:46:08+00:00
getyourguide,Paris: Montmartre Guided Walking Tour,5,Conor – United Kingdom,"Anna was an amazing wealth of knowledge, it was an informative tour that was a beautiful account of montemarte, a must do for all tourists, highly recommended",2026-01-01,https://www.getyourguide.com/paris-l16/paris-magical-montmartre-without-the-crowds-t592477/,2026-06-17T22:46:08+00:00
getyourguide,Paris: Montmartre Guided Walking Tour,5,Birgit – Germany,Flo war ein sehr angenehmer Guide. Es war wirklich zum großen Teil abseits der Menschenmassen mit interessanten Informationen.,2026-01-01,https://www.getyourguide.com/paris-l16/paris-magical-montmartre-without-the-crowds-t592477/,2026-06-17T22:46:08+00:00
getyourguide,Paris: Montmartre Guided Walking Tour,2,GetYourGuide traveler – Germany,,2025-12-29,https://www.getyourguide.com/paris-l16/paris-magical-montmartre-without-the-crowds-t592477/,2026-06-17T22:46:08+00:00
getyourguide,Paris: Montmartre Guided Walking Tour,5,GetYourGuide traveler – Netherlands,,2025-12-28,https://www.getyourguide.com/paris-l16/paris-magical-montmartre-without-the-crowds-t592477/,2026-06-17T22:46:08+00:00
getyourguide,Paris: Montmartre Guided Walking Tour,5,Susheel – United States,,2025-12-27,https://www.getyourguide.com/paris-l16/paris-magical-montmartre-without-the-crowds-t592477/,2026-06-17T22:46:08+00:00
getyourguide,Paris: Montmartre Guided Walking Tour,5,Mariana – Brazil,,2025-12-27,https://www.getyourguide.com/paris-l16/paris-magical-montmartre-without-the-crowds-t592477/,2026-06-17T22:46:08+00:00
getyourguide,Paris: Montmartre Guided Walking Tour,5,GetYourGuide traveler – Switzerland,,2025-12-26,https://www.getyourguide.com/paris-l16/paris-magical-montmartre-without-the-crowds-t592477/,2026-06-17T22:46:08+00:00
getyourguide,Paris: Montmartre Guided Walking Tour,5,Alexandra – Puerto Rico,Ana was a great Parisian host!,2025-12-16,https://www.getyourguide.com/paris-l16/paris-magical-montmartre-without-the-crowds-t592477/,2026-06-17T22:46:08+00:00
getyourguide,Paris: Montmartre Guided Walking Tour,5,Laura – Italy,,2025-12-14,https://www.getyourguide.com/paris-l16/paris-magical-montmartre-without-the-crowds-t592477/,2026-06-17T22:46:08+00:00
getyourguide,Paris: Montmartre Guided Walking Tour,5,GetYourGuide traveler – Austria,,2025-12-10,https://www.getyourguide.com/paris-l16/paris-magical-montmartre-without-the-crowds-t592477/,2026-06-17T22:46:08+00:00
getyourguide,Paris: Montmartre Guided Walking Tour,5,Michael – United States,,2025-12-09,https://www.getyourguide.com/paris-l16/paris-magical-montmartre-without-the-crowds-t592477/,2026-06-17T22:46:08+00:00
getyourguide,Paris: Montmartre Guided Walking Tour,5,GetYourGuide traveler – Germany,,2025-12-07,https://www.getyourguide.com/paris-l16/paris-magical-montmartre-without-the-crowds-t592477/,2026-06-17T22:46:08+00:00
getyourguide,Paris: Montmartre Guided Walking Tour,5,GetYourGuide traveler – France,,2025-12-07,https://www.getyourguide.com/paris-l16/paris-magical-montmartre-without-the-crowds-t592477/,2026-06-17T22:46:08+00:00
getyourguide,Paris: Montmartre Guided Walking Tour,5,Geraldine – France,,2025-12-05,https://www.getyourguide.com/paris-l16/paris-magical-montmartre-without-the-crowds-t592477/,2026-06-17T22:46:08+00:00
getyourguide,Paris: Montmartre Guided Walking Tour,5,GetYourGuide traveler – United States,Excellent guide!!!,2025-12-05,https://www.getyourguide.com/paris-l16/paris-magical-montmartre-without-the-crowds-t592477/,2026-06-17T22:46:08+00:00
getyourguide,Paris: Montmartre Guided Walking Tour,5,Yash – India,"The instructor, Achille, was very nice",2025-12-03,https://www.getyourguide.com/paris-l16/paris-magical-montmartre-without-the-crowds-t592477/,2026-06-17T22:46:08+00:00
getyourguide,Paris: Montmartre Guided Walking Tour,4,GetYourGuide traveler – India,,2025-12-03,https://www.getyourguide.com/paris-l16/paris-magical-montmartre-without-the-crowds-t592477/,2026-06-17T22:46:08+00:00
getyourguide,Paris: Montmartre Guided Walking Tour,5,GetYourGuide traveler – United States,,2025-12-01,https://www.getyourguide.com/paris-l16/paris-magical-montmartre-without-the-crowds-t592477/,2026-06-17T22:46:08+00:00
getyourguide,Paris: Montmartre Guided Walking Tour,5,Lindsey – United States,,2025-11-28,https://www.getyourguide.com/paris-l16/paris-magical-montmartre-without-the-crowds-t592477/,2026-06-17T22:46:08+00:00
getyourguide,Paris: Montmartre Guided Walking Tour,5,GetYourGuide traveler – United Kingdom,,2025-11-26,https://www.getyourguide.com/paris-l16/paris-magical-montmartre-without-the-crowds-t592477/,2026-06-17T22:46:08+00:00
getyourguide,Paris: Montmartre Guided Walking Tour,5,GetYourGuide traveler – Italy,,2025-11-25,https://www.getyourguide.com/paris-l16/paris-magical-montmartre-without-the-crowds-t592477/,2026-06-17T22:46:08+00:00
getyourguide,Paris: Montmartre Guided Walking Tour,5,GetYourGuide traveler – United Kingdom,"Magical Montemartre, enjoyed the history of the area as well a being shown specific sights",2025-11-25,https://www.getyourguide.com/paris-l16/paris-magical-montmartre-without-the-crowds-t592477/,2026-06-17T22:46:08+00:00
getyourguide,Paris: Montmartre Guided Walking Tour,5,GetYourGuide traveler – United States,,2025-11-24,https://www.getyourguide.com/paris-l16/paris-magical-montmartre-without-the-crowds-t592477/,2026-06-17T22:46:08+00:00
getyourguide,Paris: Montmartre Guided Walking Tour,5,Lisa – United States,Great! Informative and walking through some beautiful streets,2025-11-24,https://www.getyourguide.com/paris-l16/paris-magical-montmartre-without-the-crowds-t592477/,2026-06-17T22:46:08+00:00
getyourguide,Paris: Montmartre Guided Walking Tour,5,Miriam – Netherlands,Het was heel leuk. Anaella was een enthousiaste gids die vol humor kon vertellen over de stad en wijk. Grote aanrader dus!,2025-11-24,https://www.getyourguide.com/paris-l16/paris-magical-montmartre-without-the-crowds-t592477/,2026-06-17T22:46:08+00:00
getyourguide,Paris: Montmartre Guided Walking Tour,4,GetYourGuide traveler – Finland,Guide was good.interesting places and stories.headphones would be good. Price and quality matched.,2025-11-23,https://www.getyourguide.com/paris-l16/paris-magical-montmartre-without-the-crowds-t592477/,2026-06-17T22:46:08+00:00
getyourguide,Paris: Montmartre Guided Walking Tour,5,GetYourGuide traveler – Austria,,2025-11-23,https://www.getyourguide.com/paris-l16/paris-magical-montmartre-without-the-crowds-t592477/,2026-06-17T22:46:08+00:00
getyourguide,Paris: Montmartre Guided Walking Tour,5,Aryana – Spain,Excelente!,2025-11-17,https://www.getyourguide.com/paris-l16/paris-magical-montmartre-without-the-crowds-t592477/,2026-06-17T22:46:08+00:00
getyourguide,Paris: Montmartre Guided Walking Tour,5,Colleen – United States,,2025-11-14,https://www.getyourguide.com/paris-l16/paris-magical-montmartre-without-the-crowds-t592477/,2026-06-17T22:46:08+00:00
getyourguide,Paris: Montmartre Guided Walking Tour,4,Paulo – Brazil,Muito bom. Guia bem esforçado. Indico,2025-11-13,https://www.getyourguide.com/paris-l16/paris-magical-montmartre-without-the-crowds-t592477/,2026-06-17T22:46:08+00:00
getyourguide,Paris: Montmartre Guided Walking Tour,5,Peggy – Germany,,2025-11-13,https://www.getyourguide.com/paris-l16/paris-magical-montmartre-without-the-crowds-t592477/,2026-06-17T22:46:08+00:00
getyourguide,Paris: Montmartre Guided Walking Tour,4,Colette – France,,2025-11-12,https://www.getyourguide.com/paris-l16/paris-magical-montmartre-without-the-crowds-t592477/,2026-06-17T22:46:08+00:00
getyourguide,Paris: Montmartre Guided Walking Tour,5,GetYourGuide traveler – Ireland,,2025-11-12,https://www.getyourguide.com/paris-l16/paris-magical-montmartre-without-the-crowds-t592477/,2026-06-17T22:46:08+00:00
getyourguide,Paris: Montmartre Guided Walking Tour,5,Madelynne – South Africa,Enjoyed the knowledge and passion of the tour guide!,2025-11-09,https://www.getyourguide.com/paris-l16/paris-magical-montmartre-without-the-crowds-t592477/,2026-06-17T22:46:08+00:00
getyourguide,Paris: Montmartre Guided Walking Tour,5,GetYourGuide traveler – Germany,Leonie hat uns mit persönlichen Stories über das Viertel aus dem sie selbst stammt total begeistert! Danke Leonie ❤️,2025-11-04,https://www.getyourguide.com/paris-l16/paris-magical-montmartre-without-the-crowds-t592477/,2026-06-17T22:46:08+00:00
getyourguide,Paris: Montmartre Guided Walking Tour,5,Linda – United States,We signed up last minute and were glad we did!,2025-11-04,https://www.getyourguide.com/paris-l16/paris-magical-montmartre-without-the-crowds-t592477/,2026-06-17T22:46:08+00:00
getyourguide,Paris: Montmartre Guided Walking Tour,5,GetYourGuide traveler – United Kingdom,"Mathew was a great tour guide! He very knowledgeable, funny and approachable. It was interesting learning all about Montmartre and I would highly recommend this tour:)",2025-11-03,https://www.getyourguide.com/paris-l16/paris-magical-montmartre-without-the-crowds-t592477/,2026-06-17T22:46:08+00:00
getyourguide,Paris: Montmartre Guided Walking Tour,5,BoBo – Canada,We had such an amazing time exploring Montmartre with our guide Anaelle! Her storytelling brought the neighborhood’s history to life — you can really see how beautifully the area has been preserved and how unique it remains today.,2025-11-03,https://www.getyourguide.com/paris-l16/paris-magical-montmartre-without-the-crowds-t592477/,2026-06-17T22:46:08+00:00
getyourguide,Paris: Montmartre Guided Walking Tour,5,GetYourGuide traveler – Portugal,,2025-11-02,https://www.getyourguide.com/paris-l16/paris-magical-montmartre-without-the-crowds-t592477/,2026-06-17T22:46:08+00:00
getyourguide,Paris: Montmartre Guided Walking Tour,5,Anu – Estonia,,2025-11-01,https://www.getyourguide.com/paris-l16/paris-magical-montmartre-without-the-crowds-t592477/,2026-06-17T22:46:08+00:00
getyourguide,Paris: Montmartre Guided Walking Tour,5,Lander – Belgium,Heel goede gidstour!,2025-10-31,https://www.getyourguide.com/paris-l16/paris-magical-montmartre-without-the-crowds-t592477/,2026-06-17T22:46:08+00:00
getyourguide,Paris: Montmartre Guided Walking Tour,5,GetYourGuide traveler – Romania,,2025-10-31,https://www.getyourguide.com/paris-l16/paris-magical-montmartre-without-the-crowds-t592477/,2026-06-17T22:46:08+00:00
getyourguide,Paris: Montmartre Guided Walking Tour,5,GetYourGuide traveler – Canada,The knowledge and enthusiasm of Anna the guide. I learnt so much about Monmarte. Thank you Anna!,2025-10-30,https://www.getyourguide.com/paris-l16/paris-magical-montmartre-without-the-crowds-t592477/,2026-06-17T22:46:08+00:00
getyourguide,Paris: Montmartre Guided Walking Tour,5,GetYourGuide traveler – United States,,2025-10-28,https://www.getyourguide.com/paris-l16/paris-magical-montmartre-without-the-crowds-t592477/,2026-06-17T22:46:08+00:00
getyourguide,Paris: Montmartre Guided Walking Tour,5,Mathilda – Switzerland,"Informativ, freundlich und einfach sympatisch",2025-10-27,https://www.getyourguide.com/paris-l16/paris-magical-montmartre-without-the-crowds-t592477/,2026-06-17T22:46:08+00:00
getyourguide,Paris: Montmartre Guided Walking Tour,5,Karen – Canada,Our tour guide was very informative about the Montmarte area…you can tell she loves what she does and even shared some of her favorite places to eat,2025-10-27,https://www.getyourguide.com/paris-l16/paris-magical-montmartre-without-the-crowds-t592477/,2026-06-17T22:46:08+00:00
getyourguide,Paris: Montmartre Guided Walking Tour,5,GetYourGuide traveler – Austria,"viel Hintergrundwissen, humorvoll",2025-10-26,https://www.getyourguide.com/paris-l16/paris-magical-montmartre-without-the-crowds-t592477/,2026-06-17T22:46:08+00:00
getyourguide,Paris: Montmartre Guided Walking Tour,5,Christina – Germany,Maria ist ein toller Guide und hat uns einen schönen Einblick in Montmartre und die Geschichte dazu gegeben. Vielen Dank!,2025-10-26,https://www.getyourguide.com/paris-l16/paris-magical-montmartre-without-the-crowds-t592477/,2026-06-17T22:46:08+00:00
getyourguide,Paris: Montmartre Guided Walking Tour,5,GetYourGuide traveler – United States,,2025-10-23,https://www.getyourguide.com/paris-l16/paris-magical-montmartre-without-the-crowds-t592477/,2026-06-17T22:46:08+00:00
getyourguide,Paris: Montmartre Guided Walking Tour,5,GetYourGuide traveler – Slovakia,Nice inside into the cozy Montmartre from a local guy Nima. You will learn a lot and understand the history and recent past including artists living in the area. I recommend.,2025-10-19,https://www.getyourguide.com/paris-l16/paris-magical-montmartre-without-the-crowds-t592477/,2026-06-17T22:46:08+00:00
getyourguide,Paris: Montmartre Guided Walking Tour,5,GetYourGuide traveler – Switzerland,"His knowledge, the attitude and friendliness and the “out of tourist zone/approach” to see Montparnasse very differently",2025-10-18,https://www.getyourguide.com/paris-l16/paris-magical-montmartre-without-the-crowds-t592477/,2026-06-17T22:46:08+00:00
getyourguide,Paris: Montmartre Guided Walking Tour,5,Sandra – Germany,Die Tour war außergewöhnlich und kurzweilig! Absolut empfehlenswert!,2025-10-17,https://www.getyourguide.com/paris-l16/paris-magical-montmartre-without-the-crowds-t592477/,2026-06-17T22:46:08+00:00
getyourguide,Paris: Montmartre Guided Walking Tour,5,John – United States,"Our tour guide, Mathieu, was superb. He combined historical facts with modern stories with humor. He answer our questions and made the tour lots of fun. Bravo.",2025-10-15,https://www.getyourguide.com/paris-l16/paris-magical-montmartre-without-the-crowds-t592477/,2026-06-17T22:46:08+00:00
getyourguide,Paris: Montmartre Guided Walking Tour,5,GetYourGuide traveler – United States,,2025-10-14,https://www.getyourguide.com/paris-l16/paris-magical-montmartre-without-the-crowds-t592477/,2026-06-17T22:46:08+00:00
getyourguide,Paris: Montmartre Guided Walking Tour,5,GetYourGuide traveler – Germany,,2025-10-14,https://www.getyourguide.com/paris-l16/paris-magical-montmartre-without-the-crowds-t592477/,2026-06-17T22:46:08+00:00
getyourguide,Paris: Montmartre Guided Walking Tour,5,Anette – Switzerland,,2025-10-14,https://www.getyourguide.com/paris-l16/paris-magical-montmartre-without-the-crowds-t592477/,2026-06-17T22:46:08+00:00
getyourguide,Paris: Montmartre Guided Walking Tour,5,Barbara – Austria,"Leonie hat sehr lebhaft erzählt, interessante Infos",2025-10-13,https://www.getyourguide.com/paris-l16/paris-magical-montmartre-without-the-crowds-t592477/,2026-06-17T22:46:08+00:00
getyourguide,Paris: Montmartre Guided Walking Tour,5,GetYourGuide traveler – Denmark,,2025-10-13,https://www.getyourguide.com/paris-l16/paris-magical-montmartre-without-the-crowds-t592477/,2026-06-17T22:46:08+00:00
getyourguide,Paris: Montmartre Guided Walking Tour,5,Nguyen – United States,The tour was money and time well spent. Yago was well prepared and delivered a great presentation.,2025-10-12,https://www.getyourguide.com/paris-l16/paris-magical-montmartre-without-the-crowds-t592477/,2026-06-17T22:46:08+00:00
getyourguide,Paris: Montmartre Guided Walking Tour,5,GetYourGuide traveler – Australia,,2025-10-12,https://www.getyourguide.com/paris-l16/paris-magical-montmartre-without-the-crowds-t592477/,2026-06-17T22:46:08+00:00
getyourguide,Paris: Montmartre Guided Walking Tour,5,Daniela – Germany,Geheimtipps 🥰,2025-10-12,https://www.getyourguide.com/paris-l16/paris-magical-montmartre-without-the-crowds-t592477/,2026-06-17T22:46:08+00:00
getyourguide,Paris: Montmartre Guided Walking Tour,5,Ted – United States,,2025-10-12,https://www.getyourguide.com/paris-l16/paris-magical-montmartre-without-the-crowds-t592477/,2026-06-17T22:46:08+00:00
getyourguide,Paris: Montmartre Guided Walking Tour,5,GetYourGuide traveler – United States,,2025-10-11,https://www.getyourguide.com/paris-l16/paris-magical-montmartre-without-the-crowds-t592477/,2026-06-17T22:46:08+00:00
getyourguide,Paris: Montmartre Guided Walking Tour,5,Wendi – United States,Maria was friendly and gave a very interesting and informative tour. I now have a full appreciation for Montmarte!,2025-10-11,https://www.getyourguide.com/paris-l16/paris-magical-montmartre-without-the-crowds-t592477/,2026-06-17T22:46:08+00:00
getyourguide,Paris: Montmartre Guided Walking Tour,5,Terrance – United States,Very informative with key sites visited. Maybe should make aware lots of walking & uphill for those who may find walk difficult,2025-10-11,https://www.getyourguide.com/paris-l16/paris-magical-montmartre-without-the-crowds-t592477/,2026-06-17T22:46:08+00:00
getyourguide,Paris: Montmartre Guided Walking Tour,5,Jan – Germany,Unser Guide war sehr freundlich und hat uns die Highlights von Montmarte sehr anschaulich und interessant vermittelt. Absolut empfehlenswert.,2025-10-10,https://www.getyourguide.com/paris-l16/paris-magical-montmartre-without-the-crowds-t592477/,2026-06-17T22:46:08+00:00
getyourguide,Paris: Montmartre Guided Walking Tour,5,GetYourGuide traveler – Germany,,2025-10-10,https://www.getyourguide.com/paris-l16/paris-magical-montmartre-without-the-crowds-t592477/,2026-06-17T22:46:08+00:00
getyourguide,Paris: Montmartre Guided Walking Tour,5,Adam – Canada,Max was a really good guide.,2025-10-09,https://www.getyourguide.com/paris-l16/paris-magical-montmartre-without-the-crowds-t592477/,2026-06-17T22:46:08+00:00
getyourguide,Paris: Montmartre Guided Walking Tour,5,GetYourGuide traveler – United States,Our guide was excellent!,2025-10-09,https://www.getyourguide.com/paris-l16/paris-magical-montmartre-without-the-crowds-t592477/,2026-06-17T22:46:08+00:00
getyourguide,Paris: Montmartre Guided Walking Tour,5,GetYourGuide traveler – United States,Great guide with good information. Enjoyed it!,2025-10-08,https://www.getyourguide.com/paris-l16/paris-magical-montmartre-without-the-crowds-t592477/,2026-06-17T22:46:08+00:00
getyourguide,Paris: Montmartre Guided Walking Tour,5,GetYourGuide traveler – Germany,,2025-10-08,https://www.getyourguide.com/paris-l16/paris-magical-montmartre-without-the-crowds-t592477/,2026-06-17T22:46:08+00:00
getyourguide,Paris: Montmartre Guided Walking Tour,5,Samantha – United Kingdom,"We missed our original tour due to a delayed flight and congestion from the airport but we were able to move our booking with no hassle 🙂 The tour guide, Anaelle was excellent, her English was great and the actual tour really interesting and informative. It was the perfect way to orientate ourselves and learn about Montmartre. We would happily recommend the tour and in addition it was good value for money.",2025-10-07,https://www.getyourguide.com/paris-l16/paris-magical-montmartre-without-the-crowds-t592477/,2026-06-17T22:46:08+00:00
getyourguide,Paris: Montmartre Guided Walking Tour,5,GetYourGuide traveler – Germany,,2025-10-07,https://www.getyourguide.com/paris-l16/paris-magical-montmartre-without-the-crowds-t592477/,2026-06-17T22:46:08+00:00
getyourguide,Paris: Montmartre Guided Walking Tour,5,Ruth – United Kingdom,Our guide was knowledgeable and fun. We enjoyed the stories and photos of the area.,2025-10-07,https://www.getyourguide.com/paris-l16/paris-magical-montmartre-without-the-crowds-t592477/,2026-06-17T22:46:08+00:00
getyourguide,Paris: Montmartre Guided Walking Tour,5,Judith – Germany,"Es war eine tolle Tour, bei der wir sehr viel Neues erfahren haben. Tourguide Anaelle hat uns durch Montmatres schönste Straßen geführt und viele interessante Begebenheiten erzählt. Sehr weiterzuempfehlen!",2025-10-06,https://www.getyourguide.com/paris-l16/paris-magical-montmartre-without-the-crowds-t592477/,2026-06-17T22:46:08+00:00
getyourguide,Paris: Montmartre Guided Walking Tour,4,GetYourGuide traveler – France,,2025-10-06,https://www.getyourguide.com/paris-l16/paris-magical-montmartre-without-the-crowds-t592477/,2026-06-17T22:46:08+00:00
getyourguide,Paris: Montmartre Guided Walking Tour,5,GetYourGuide traveler – Germany,,2025-10-05,https://www.getyourguide.com/paris-l16/paris-magical-montmartre-without-the-crowds-t592477/,2026-06-17T22:46:08+00:00
getyourguide,Paris: Montmartre Guided Walking Tour,5,Gustavo – Brazil,Perfeito. Adorei a guia. Simpática e fala um Inglês muito fácil de entender. Valeu!!!,2025-10-04,https://www.getyourguide.com/paris-l16/paris-magical-montmartre-without-the-crowds-t592477/,2026-06-17T22:46:08+00:00
getyourguide,Paris: Montmartre Guided Walking Tour,5,GetYourGuide traveler – Australia,Loved it!,2025-10-04,https://www.getyourguide.com/paris-l16/paris-magical-montmartre-without-the-crowds-t592477/,2026-06-17T22:46:08+00:00
getyourguide,Paris: Montmartre Guided Walking Tour,5,GetYourGuide traveler – Germany,Nice tour. Very informative. Appropriate time,2025-10-04,https://www.getyourguide.com/paris-l16/paris-magical-montmartre-without-the-crowds-t592477/,2026-06-17T22:46:08+00:00
getyourguide,Paris: Montmartre Guided Walking Tour,5,Norma – Canada,Max our tour guide was fantastic! He was very knowledgeable about the history of Montmartre and had a great sense of humor. We had a great time despite the rain.,2025-10-03,https://www.getyourguide.com/paris-l16/paris-magical-montmartre-without-the-crowds-t592477/,2026-06-17T22:46:08+00:00
getyourguide,Paris: Montmartre Guided Walking Tour,5,Simone – Germany,,2025-10-03,https://www.getyourguide.com/paris-l16/paris-magical-montmartre-without-the-crowds-t592477/,2026-06-17T22:46:08+00:00
getyourguide,Paris: Montmartre Guided Walking Tour,5,GetYourGuide traveler – Poland,,2025-10-03,https://www.getyourguide.com/paris-l16/paris-magical-montmartre-without-the-crowds-t592477/,2026-06-17T22:46:08+00:00
getyourguide,Paris: Montmartre Guided Walking Tour,5,Channe – Denmark,Maxime var vores guide og han gjorde turen spændende og sjov 😊Varm anbefaling herfra,2025-10-01,https://www.getyourguide.com/paris-l16/paris-magical-montmartre-without-the-crowds-t592477/,2026-06-17T22:46:08+00:00
getyourguide,Paris: Marais Guided Tour Without the Crowds,4,GetYourGuide traveler – Australia,Great,2026-06-16,https://www.getyourguide.com/paris-l16/paris-marais-without-crowds-guided-tour-t629577/,2026-06-17T22:46:08+00:00
getyourguide,Paris: Marais Guided Tour Without the Crowds,3,Edith – Canada,It was okay.,2026-06-15,https://www.getyourguide.com/paris-l16/paris-marais-without-crowds-guided-tour-t629577/,2026-06-17T22:46:08+00:00
getyourguide,Paris: Marais Guided Tour Without the Crowds,5,GetYourGuide traveler – United Kingdom,,2026-06-15,https://www.getyourguide.com/paris-l16/paris-marais-without-crowds-guided-tour-t629577/,2026-06-17T22:46:08+00:00
getyourguide,Paris: Marais Guided Tour Without the Crowds,5,GetYourGuide traveler – Germany,,2026-06-14,https://www.getyourguide.com/paris-l16/paris-marais-without-crowds-guided-tour-t629577/,2026-06-17T22:46:08+00:00
getyourguide,Paris: Marais Guided Tour Without the Crowds,4,GetYourGuide traveler – United States,,2026-06-14,https://www.getyourguide.com/paris-l16/paris-marais-without-crowds-guided-tour-t629577/,2026-06-17T22:46:08+00:00
getyourguide,Paris: Marais Guided Tour Without the Crowds,5,GetYourGuide traveler – Uruguay,Muy entretenido,2026-06-13,https://www.getyourguide.com/paris-l16/paris-marais-without-crowds-guided-tour-t629577/,2026-06-17T22:46:08+00:00
getyourguide,Paris: Marais Guided Tour Without the Crowds,5,GetYourGuide traveler – United States,,2026-06-12,https://www.getyourguide.com/paris-l16/paris-marais-without-crowds-guided-tour-t629577/,2026-06-17T22:46:08+00:00
getyourguide,Paris: Marais Guided Tour Without the Crowds,4,Barbara – Australia,"Max was great but we were a large group, our tour was on a crowded Saturday and one of the group, who had joined from an online free tour was demanding and not a good listener. The mix of paying and non paying guests resulted in different expectations. It did not work well.",2026-06-10,https://www.getyourguide.com/paris-l16/paris-marais-without-crowds-guided-tour-t629577/,2026-06-17T22:46:08+00:00
getyourguide,Paris: Marais Guided Tour Without the Crowds,1,GetYourGuide traveler – Finland,,2026-06-09,https://www.getyourguide.com/paris-l16/paris-marais-without-crowds-guided-tour-t629577/,2026-06-17T22:46:08+00:00
getyourguide,Paris: Marais Guided Tour Without the Crowds,5,GetYourGuide traveler – United States,It was really good! It was small and very informative and the pace was good. Our guide also gave us some excellent ideas for lunch and helped with some specific shopping we wanted to do so we could find the things we wanted easily.,2026-06-08,https://www.getyourguide.com/paris-l16/paris-marais-without-crowds-guided-tour-t629577/,2026-06-17T22:46:08+00:00
getyourguide,Paris: Marais Guided Tour Without the Crowds,5,Viviana – Italy,"Percorso interessante e ben strutturato con tappe che hanno catturato l’attenzione dall’inizio alla fine. Il vero punto di forza è stata la guida Philip, una persona solare, preparata e di grande disponibilità. Ha saputo creare un dialogo con il gruppo accogliendo ogni curiosità con entusiasmo e rispondendo a tutte le nostre domande. Esperienza che consiglio!",2026-06-08,https://www.getyourguide.com/paris-l16/paris-marais-without-crowds-guided-tour-t629577/,2026-06-17T22:46:08+00:00
getyourguide,Paris: Marais Guided Tour Without the Crowds,5,clarsenault@videotron.ca – Canada,Excellent guide. Il maîtrise son sujet et nous a vraiment fait connaître ce village au coeur même de Paris.,2026-06-07,https://www.getyourguide.com/paris-l16/paris-marais-without-crowds-guided-tour-t629577/,2026-06-17T22:46:08+00:00
getyourguide,Paris: Marais Guided Tour Without the Crowds,5,Irina – United States,Our tour with Max was wonderful! We learned interesting facts from history of France and Paris in particular. We walked through Marais neighborhood and saw the landmarks. It was very informative and fun tour!,2026-06-07,https://www.getyourguide.com/paris-l16/paris-marais-without-crowds-guided-tour-t629577/,2026-06-17T22:46:08+00:00
getyourguide,Paris: Marais Guided Tour Without the Crowds,5,GetYourGuide traveler – United Kingdom,,2026-06-06,https://www.getyourguide.com/paris-l16/paris-marais-without-crowds-guided-tour-t629577/,2026-06-17T22:46:08+00:00
getyourguide,Paris: Marais Guided Tour Without the Crowds,5,Kathrin – Germany,Audrey war sehr nett. Mir gefiel die Kombination von Informationen über Geschichte und Architektur. Man hat einen tollen Überblick über das Leben der Menschen und Savoir vivre in Marais und die Entwicklung von Paris bekommen. Nur zu empfehlen!!!,2026-06-05,https://www.getyourguide.com/paris-l16/paris-marais-without-crowds-guided-tour-t629577/,2026-06-17T22:46:08+00:00
getyourguide,Paris: Marais Guided Tour Without the Crowds,5,GetYourGuide traveler – Australia,This was a great way to experience the Marais and to understand the history through the details the guide was able to bring to our attention ! Wonderful and worth it !,2026-06-05,https://www.getyourguide.com/paris-l16/paris-marais-without-crowds-guided-tour-t629577/,2026-06-17T22:46:08+00:00
getyourguide,Paris: Marais Guided Tour Without the Crowds,5,Camille – Canada,Max was very insightful and we had a great time. He also had tons of recommandations of things to do or where to eat after the tour.,2026-06-02,https://www.getyourguide.com/paris-l16/paris-marais-without-crowds-guided-tour-t629577/,2026-06-17T22:46:08+00:00
getyourguide,Paris: Marais Guided Tour Without the Crowds,5,GetYourGuide traveler – United States,,2026-06-01,https://www.getyourguide.com/paris-l16/paris-marais-without-crowds-guided-tour-t629577/,2026-06-17T22:46:08+00:00
getyourguide,Paris: Marais Guided Tour Without the Crowds,5,Denis – Italy,"Eravamo un gruppo molto ristretto, quindi la guida Edmond ha potuto dedicarci molto tempo a tutte le nostre domande: è stato molto esaustivo e piacevole!",2026-05-31,https://www.getyourguide.com/paris-l16/paris-marais-without-crowds-guided-tour-t629577/,2026-06-17T22:46:08+00:00
getyourguide,Paris: Marais Guided Tour Without the Crowds,5,GetYourGuide traveler – United Kingdom,Edmund was knowlegeable and passionate about the area. It was a privilege to be guided by someone whose grandfather was linked in a small way to the complex and tragic history of the community.,2026-05-31,https://www.getyourguide.com/paris-l16/paris-marais-without-crowds-guided-tour-t629577/,2026-06-17T22:46:08+00:00
getyourguide,Paris: Marais Guided Tour Without the Crowds,5,GetYourGuide traveler – Norway,Veldig lærerikt og helt riktig detaljnivå. Edmund var en super guide: personlig og kunnskapsrik.,2026-05-30,https://www.getyourguide.com/paris-l16/paris-marais-without-crowds-guided-tour-t629577/,2026-06-17T22:46:08+00:00
getyourguide,Paris: Marais Guided Tour Without the Crowds,5,GetYourGuide traveler – Canada,,2026-05-29,https://www.getyourguide.com/paris-l16/paris-marais-without-crowds-guided-tour-t629577/,2026-06-17T22:46:08+00:00
getyourguide,Paris: Marais Guided Tour Without the Crowds,3,GetYourGuide traveler – United States,"We went too long and spent a lot of time talking about things not related to the history of the Marais, or even the Marais itself.",2026-05-29,https://www.getyourguide.com/paris-l16/paris-marais-without-crowds-guided-tour-t629577/,2026-06-17T22:46:08+00:00
getyourguide,Paris: Marais Guided Tour Without the Crowds,3,GetYourGuide traveler – United States,,2026-05-27,https://www.getyourguide.com/paris-l16/paris-marais-without-crowds-guided-tour-t629577/,2026-06-17T22:46:08+00:00
getyourguide,Paris: Marais Guided Tour Without the Crowds,1,GetYourGuide traveler – United States,,2026-05-25,https://www.getyourguide.com/paris-l16/paris-marais-without-crowds-guided-tour-t629577/,2026-06-17T22:46:08+00:00
getyourguide,Paris: Marais Guided Tour Without the Crowds,1,GetYourGuide traveler – New Zealand,,2026-05-25,https://www.getyourguide.com/paris-l16/paris-marais-without-crowds-guided-tour-t629577/,2026-06-17T22:46:08+00:00
getyourguide,Paris: Marais Guided Tour Without the Crowds,5,GetYourGuide traveler – Germany,,2026-05-24,https://www.getyourguide.com/paris-l16/paris-marais-without-crowds-guided-tour-t629577/,2026-06-17T22:46:08+00:00
getyourguide,Paris: Marais Guided Tour Without the Crowds,5,Kate – United Kingdom,,2026-05-23,https://www.getyourguide.com/paris-l16/paris-marais-without-crowds-guided-tour-t629577/,2026-06-17T22:46:08+00:00
getyourguide,Paris: Marais Guided Tour Without the Crowds,5,GetYourGuide traveler – Germany,,2026-05-22,https://www.getyourguide.com/paris-l16/paris-marais-without-crowds-guided-tour-t629577/,2026-06-17T22:46:08+00:00
getyourguide,Paris: Marais Guided Tour Without the Crowds,5,Catherine – France,Super guide!,2026-05-22,https://www.getyourguide.com/paris-l16/paris-marais-without-crowds-guided-tour-t629577/,2026-06-17T22:46:08+00:00
getyourguide,Paris: Marais Guided Tour Without the Crowds,4,Graham – United Kingdom,lots of interesting and informative stuff,2026-05-22,https://www.getyourguide.com/paris-l16/paris-marais-without-crowds-guided-tour-t629577/,2026-06-17T22:46:08+00:00
getyourguide,Paris: Marais Guided Tour Without the Crowds,5,Anthony – Australia,Lovely little snapshot of the Marais district with passionate personable guide,2026-05-19,https://www.getyourguide.com/paris-l16/paris-marais-without-crowds-guided-tour-t629577/,2026-06-17T22:46:08+00:00
getyourguide,Paris: Marais Guided Tour Without the Crowds,5,Heike – Germany,"Eine sehr schöne, informative Tour! Sehr zu empfehlen.",2026-05-17,https://www.getyourguide.com/paris-l16/paris-marais-without-crowds-guided-tour-t629577/,2026-06-17T22:46:08+00:00
getyourguide,Paris: Marais Guided Tour Without the Crowds,5,GetYourGuide traveler – United States,"It as a very nice, leisurely and informative walk with great information and sights. I would recommend this tour",2026-05-17,https://www.getyourguide.com/paris-l16/paris-marais-without-crowds-guided-tour-t629577/,2026-06-17T22:46:08+00:00
getyourguide,Paris: Marais Guided Tour Without the Crowds,5,GetYourGuide traveler – Germany,,2026-05-16,https://www.getyourguide.com/paris-l16/paris-marais-without-crowds-guided-tour-t629577/,2026-06-17T22:46:08+00:00
getyourguide,Paris: Marais Guided Tour Without the Crowds,5,Jennifer – United States,"Edmund was a fantastic guide. He was very friendly and informative and clearly had a great love for the Marais, which shone through and enhanced the tour.",2026-05-14,https://www.getyourguide.com/paris-l16/paris-marais-without-crowds-guided-tour-t629577/,2026-06-17T22:46:08+00:00
getyourguide,Paris: Marais Guided Tour Without the Crowds,5,Marthajane – United States,"In spite of rain, all participants really enjoyed the walk, the guide was super knowledgable. Thank you!",2026-05-13,https://www.getyourguide.com/paris-l16/paris-marais-without-crowds-guided-tour-t629577/,2026-06-17T22:46:08+00:00
getyourguide,Paris: Marais Guided Tour Without the Crowds,5,Sylvain – France,Parfait !,2026-05-12,https://www.getyourguide.com/paris-l16/paris-marais-without-crowds-guided-tour-t629577/,2026-06-17T22:46:08+00:00
getyourguide,Paris: Marais Guided Tour Without the Crowds,5,GetYourGuide traveler – Netherlands,Hele leuke tour! Onze gids vertelde vol enthousiasme over Le Marais en nam ons mee naar plekken waar je anders niet zou komen.,2026-05-11,https://www.getyourguide.com/paris-l16/paris-marais-without-crowds-guided-tour-t629577/,2026-06-17T22:46:08+00:00
getyourguide,Paris: Marais Guided Tour Without the Crowds,5,GetYourGuide traveler – United States,,2026-05-10,https://www.getyourguide.com/paris-l16/paris-marais-without-crowds-guided-tour-t629577/,2026-06-17T22:46:08+00:00
getyourguide,Paris: Marais Guided Tour Without the Crowds,5,Ann – Australia,Phillip was very knowledgeable and enthusiastic guide and his tour brought the area to life with many interesting stories,2026-05-10,https://www.getyourguide.com/paris-l16/paris-marais-without-crowds-guided-tour-t629577/,2026-06-17T22:46:08+00:00
getyourguide,Paris: Marais Guided Tour Without the Crowds,5,GetYourGuide traveler – Canada,The tour was great! Edmund was an amazing guide. I learned a lot about this historical neighbor which makes me want to keep exploring it. Would definitely do the tour again!,2026-05-10,https://www.getyourguide.com/paris-l16/paris-marais-without-crowds-guided-tour-t629577/,2026-06-17T22:46:08+00:00
getyourguide,Paris: Marais Guided Tour Without the Crowds,5,Elizabeth – United States,Wonderful tour with Philippe. Learned a lot and enjoyed exploring so many parts of Le Marais. Engaging and fun.,2026-05-10,https://www.getyourguide.com/paris-l16/paris-marais-without-crowds-guided-tour-t629577/,2026-06-17T22:46:08+00:00
getyourguide,Paris: Marais Guided Tour Without the Crowds,5,GetYourGuide traveler – United Kingdom,,2026-05-09,https://www.getyourguide.com/paris-l16/paris-marais-without-crowds-guided-tour-t629577/,2026-06-17T22:46:08+00:00
getyourguide,Paris: Marais Guided Tour Without the Crowds,5,Hayley – Netherlands,,2026-05-04,https://www.getyourguide.com/paris-l16/paris-marais-without-crowds-guided-tour-t629577/,2026-06-17T22:46:08+00:00
getyourguide,Paris: Marais Guided Tour Without the Crowds,5,GetYourGuide traveler – Spain,,2026-05-04,https://www.getyourguide.com/paris-l16/paris-marais-without-crowds-guided-tour-t629577/,2026-06-17T22:46:08+00:00
getyourguide,Paris: Marais Guided Tour Without the Crowds,5,GetYourGuide traveler – France,,2026-05-02,https://www.getyourguide.com/paris-l16/paris-marais-without-crowds-guided-tour-t629577/,2026-06-17T22:46:08+00:00
getyourguide,Paris: Marais Guided Tour Without the Crowds,5,Nichole – Australia,Edward was a fantastic guide. Very knowledgeable. We enjoyed the tour,2026-05-02,https://www.getyourguide.com/paris-l16/paris-marais-without-crowds-guided-tour-t629577/,2026-06-17T22:46:08+00:00
getyourguide,Paris: Marais Guided Tour Without the Crowds,5,GetYourGuide traveler – Germany,Der Guide war einfach toll!,2026-04-30,https://www.getyourguide.com/paris-l16/paris-marais-without-crowds-guided-tour-t629577/,2026-06-17T22:46:08+00:00
getyourguide,Paris: Marais Guided Tour Without the Crowds,5,Hayley – Australia,We really loved it and learnt so much about this fascinating part of Paris. My kids (9 and 11) found it very interesting too. Our tour guide was very funny and entertaining along the walk.,2026-04-30,https://www.getyourguide.com/paris-l16/paris-marais-without-crowds-guided-tour-t629577/,2026-06-17T22:46:08+00:00
getyourguide,Paris: Marais Guided Tour Without the Crowds,5,Jacob W – United States,,2026-04-28,https://www.getyourguide.com/paris-l16/paris-marais-without-crowds-guided-tour-t629577/,2026-06-17T22:46:08+00:00
getyourguide,Paris: Marais Guided Tour Without the Crowds,5,GetYourGuide traveler – France,notre guide Edmund nous a fait découvrir des passages et des lieux que nous ne connaissions pas. je recommande cette visite,2026-04-28,https://www.getyourguide.com/paris-l16/paris-marais-without-crowds-guided-tour-t629577/,2026-06-17T22:46:08+00:00
getyourguide,Paris: Marais Guided Tour Without the Crowds,5,GetYourGuide traveler – United States,,2026-04-27,https://www.getyourguide.com/paris-l16/paris-marais-without-crowds-guided-tour-t629577/,2026-06-17T22:46:08+00:00
getyourguide,Paris: Marais Guided Tour Without the Crowds,5,Joshua – United States,Edmond did a great job. The tour was educational and interesting.,2026-04-27,https://www.getyourguide.com/paris-l16/paris-marais-without-crowds-guided-tour-t629577/,2026-06-17T22:46:08+00:00
getyourguide,Paris: Marais Guided Tour Without the Crowds,5,GetYourGuide traveler – Switzerland,"Toller Guide (Edmond), der mit Humor und viel Detailwissen etwas zum Marais zu erzählen wusste!",2026-04-26,https://www.getyourguide.com/paris-l16/paris-marais-without-crowds-guided-tour-t629577/,2026-06-17T22:46:08+00:00
getyourguide,Paris: Marais Guided Tour Without the Crowds,5,GetYourGuide traveler – Austria,"Sehr netter und belesener Guide, kurzweilige und heitere Führung.",2026-04-26,https://www.getyourguide.com/paris-l16/paris-marais-without-crowds-guided-tour-t629577/,2026-06-17T22:46:08+00:00
getyourguide,Paris: Marais Guided Tour Without the Crowds,5,Gabriele – Germany,"Edmont war ein toller Guide, er hat uns versteckte Ecken im Marais gezeigt und viel Interessantes erzählt . Wir sind sehr froh die Tour gemacht zu haben und werden sie definitiv weiter empfehlen. Danke Edmont, dass du uns dein Marais gezeigt hast.",2026-04-25,https://www.getyourguide.com/paris-l16/paris-marais-without-crowds-guided-tour-t629577/,2026-06-17T22:46:08+00:00
getyourguide,Paris: Marais Guided Tour Without the Crowds,5,GetYourGuide traveler – Germany,Es waren wirklich meist nicht so viele Menschen unterwegs und unsere Führerin Mariam hatte viel und interessantes Hintergrundwissen.,2026-04-22,https://www.getyourguide.com/paris-l16/paris-marais-without-crowds-guided-tour-t629577/,2026-06-17T22:46:08+00:00
getyourguide,Paris: Marais Guided Tour Without the Crowds,4,GetYourGuide traveler – United States,,2026-04-21,https://www.getyourguide.com/paris-l16/paris-marais-without-crowds-guided-tour-t629577/,2026-06-17T22:46:08+00:00
getyourguide,Paris: Marais Guided Tour Without the Crowds,5,Deepa – Singapore,Our guide Edmund was excellent and knowledgeable about Le Marais. He encouraged questions and provided many interesting anecdotes drawing from personal experiences.,2026-04-21,https://www.getyourguide.com/paris-l16/paris-marais-without-crowds-guided-tour-t629577/,2026-06-17T22:46:08+00:00
getyourguide,Paris: Marais Guided Tour Without the Crowds,4,GetYourGuide traveler – Morocco,,2026-04-19,https://www.getyourguide.com/paris-l16/paris-marais-without-crowds-guided-tour-t629577/,2026-06-17T22:46:08+00:00
getyourguide,Paris: Marais Guided Tour Without the Crowds,5,Arian – United States,Our tour with Edmund was excellent. His enthusiasm for the Marais and its history was clear. We appreciated learning about his personal connection to the Marais.,2026-04-19,https://www.getyourguide.com/paris-l16/paris-marais-without-crowds-guided-tour-t629577/,2026-06-17T22:46:08+00:00
getyourguide,Paris: Marais Guided Tour Without the Crowds,5,GetYourGuide traveler – United Kingdom,,2026-04-18,https://www.getyourguide.com/paris-l16/paris-marais-without-crowds-guided-tour-t629577/,2026-06-17T22:46:08+00:00
getyourguide,Paris: Marais Guided Tour Without the Crowds,4,Anja – Germany,"Unser Guide war sehr nett, die gewählte Tour durch das Viertel recht informativ. Wir hätten uns lediglich ein paar mehr Geschichten von Menschen aus dem Marais gewünscht, da man sich dadurch Dinge besser merken kann und es das Ganze lebendiger erscheinen lässt",2026-04-17,https://www.getyourguide.com/paris-l16/paris-marais-without-crowds-guided-tour-t629577/,2026-06-17T22:46:08+00:00
getyourguide,Paris: Marais Guided Tour Without the Crowds,5,GetYourGuide traveler – United States,,2026-04-16,https://www.getyourguide.com/paris-l16/paris-marais-without-crowds-guided-tour-t629577/,2026-06-17T22:46:08+00:00
getyourguide,Paris: Marais Guided Tour Without the Crowds,5,Darren – Australia,Max was great. Thanks,2026-04-14,https://www.getyourguide.com/paris-l16/paris-marais-without-crowds-guided-tour-t629577/,2026-06-17T22:46:08+00:00
getyourguide,Paris: Marais Guided Tour Without the Crowds,5,GetYourGuide traveler – Malaysia,,2026-04-13,https://www.getyourguide.com/paris-l16/paris-marais-without-crowds-guided-tour-t629577/,2026-06-17T22:46:08+00:00
getyourguide,Paris: Marais Guided Tour Without the Crowds,5,Matthew – United Kingdom,Our tour guide was absolutely brilliant. He took good care of our group and helped us discover lots of interesting facts and places in the Marais.,2026-04-12,https://www.getyourguide.com/paris-l16/paris-marais-without-crowds-guided-tour-t629577/,2026-06-17T22:46:08+00:00
getyourguide,Paris: Marais Guided Tour Without the Crowds,5,GetYourGuide traveler – Germany,,2026-04-12,https://www.getyourguide.com/paris-l16/paris-marais-without-crowds-guided-tour-t629577/,2026-06-17T22:46:08+00:00
getyourguide,Paris: Marais Guided Tour Without the Crowds,4,GetYourGuide traveler – Sweden,,2026-04-09,https://www.getyourguide.com/paris-l16/paris-marais-without-crowds-guided-tour-t629577/,2026-06-17T22:46:08+00:00
getyourguide,Paris: Marais Guided Tour Without the Crowds,3,Filippo – Italy,Discreto mi aspettavo di più.,2026-04-06,https://www.getyourguide.com/paris-l16/paris-marais-without-crowds-guided-tour-t629577/,2026-06-17T22:46:08+00:00
getyourguide,Paris: Marais Guided Tour Without the Crowds,5,GetYourGuide traveler – United States,,2026-04-06,https://www.getyourguide.com/paris-l16/paris-marais-without-crowds-guided-tour-t629577/,2026-06-17T22:46:08+00:00
getyourguide,Paris: Marais Guided Tour Without the Crowds,5,Nancy – Canada,Very nice and knowledgeable guide,2026-04-05,https://www.getyourguide.com/paris-l16/paris-marais-without-crowds-guided-tour-t629577/,2026-06-17T22:46:08+00:00
getyourguide,Paris: Marais Guided Tour Without the Crowds,5,jori – Canada,Tour was lovely. Just the right amount of time to stay engaged and Phillip our guide was very knowledgeable and personable. Honestly it is a great way to see a bit of Le Marais through history. It is a lively area of Paris! Highly recommend!,2026-04-05,https://www.getyourguide.com/paris-l16/paris-marais-without-crowds-guided-tour-t629577/,2026-06-17T22:46:08+00:00
getyourguide,Paris: Marais Guided Tour Without the Crowds,5,GetYourGuide traveler – France,,2026-04-04,https://www.getyourguide.com/paris-l16/paris-marais-without-crowds-guided-tour-t629577/,2026-06-17T22:46:08+00:00
getyourguide,Paris: Marais Guided Tour Without the Crowds,5,GetYourGuide traveler – Ireland,,2026-03-29,https://www.getyourguide.com/paris-l16/paris-marais-without-crowds-guided-tour-t629577/,2026-06-17T22:46:08+00:00
getyourguide,Paris: Marais Guided Tour Without the Crowds,5,GetYourGuide traveler – Switzerland,,2026-03-23,https://www.getyourguide.com/paris-l16/paris-marais-without-crowds-guided-tour-t629577/,2026-06-17T22:46:08+00:00
getyourguide,Paris: Marais Guided Tour Without the Crowds,5,GetYourGuide traveler – Germany,,2026-03-23,https://www.getyourguide.com/paris-l16/paris-marais-without-crowds-guided-tour-t629577/,2026-06-17T22:46:08+00:00
getyourguide,Paris: Marais Guided Tour Without the Crowds,5,GetYourGuide traveler – United States,Excellent your. Excellent English. Our guide was funny and knowledgeable. A great way to start getting to know the city a new way,2026-03-22,https://www.getyourguide.com/paris-l16/paris-marais-without-crowds-guided-tour-t629577/,2026-06-17T22:46:08+00:00
getyourguide,Paris: Marais Guided Tour Without the Crowds,5,GetYourGuide traveler – United States,,2026-03-21,https://www.getyourguide.com/paris-l16/paris-marais-without-crowds-guided-tour-t629577/,2026-06-17T22:46:08+00:00
getyourguide,Paris: Marais Guided Tour Without the Crowds,5,Kenneth – United Kingdom,"Leo (I hope the spelling is correct) was a great guide. She was happy, relaxed & friendly and engaging. Time flew by and the tour was an enriching experience!",2026-03-21,https://www.getyourguide.com/paris-l16/paris-marais-without-crowds-guided-tour-t629577/,2026-06-17T22:46:08+00:00
getyourguide,Paris: Marais Guided Tour Without the Crowds,3,GetYourGuide traveler – United States,,2026-03-17,https://www.getyourguide.com/paris-l16/paris-marais-without-crowds-guided-tour-t629577/,2026-06-17T22:46:08+00:00
getyourguide,Paris: Marais Guided Tour Without the Crowds,4,GetYourGuide traveler – Latvia,,2026-03-15,https://www.getyourguide.com/paris-l16/paris-marais-without-crowds-guided-tour-t629577/,2026-06-17T22:46:08+00:00
getyourguide,Paris: Marais Guided Tour Without the Crowds,4,Christa – Belgium,Fijne rondleiding met leuke weetjes van de omgeving.,2026-03-14,https://www.getyourguide.com/paris-l16/paris-marais-without-crowds-guided-tour-t629577/,2026-06-17T22:46:08+00:00
getyourguide,Paris: Marais Guided Tour Without the Crowds,5,GetYourGuide traveler – United States,Edmund was an excellent guide and gave us a perspective and took us places we would not have found nor understood on our own. Highly recommended!,2026-03-13,https://www.getyourguide.com/paris-l16/paris-marais-without-crowds-guided-tour-t629577/,2026-06-17T22:46:08+00:00
getyourguide,Paris: Marais Guided Tour Without the Crowds,4,GetYourGuide traveler – Canada,"The tour was informative and very interesting. Lina was enthusiastic, pleasant and informed. We are glad we took part in this tour.",2026-03-06,https://www.getyourguide.com/paris-l16/paris-marais-without-crowds-guided-tour-t629577/,2026-06-17T22:46:08+00:00
getyourguide,Paris: Marais Guided Tour Without the Crowds,5,GetYourGuide traveler – Australia,,2026-03-04,https://www.getyourguide.com/paris-l16/paris-marais-without-crowds-guided-tour-t629577/,2026-06-17T22:46:08+00:00
getyourguide,Paris: Marais Guided Tour Without the Crowds,5,GetYourGuide traveler – United Kingdom,,2026-03-01,https://www.getyourguide.com/paris-l16/paris-marais-without-crowds-guided-tour-t629577/,2026-06-17T22:46:08+00:00
getyourguide,Paris: Marais Guided Tour Without the Crowds,3,GetYourGuide traveler – Sweden,,2026-02-28,https://www.getyourguide.com/paris-l16/paris-marais-without-crowds-guided-tour-t629577/,2026-06-17T22:46:08+00:00
getyourguide,Paris: Marais Guided Tour Without the Crowds,5,Mary – United Kingdom,Excellent,2026-02-25,https://www.getyourguide.com/paris-l16/paris-marais-without-crowds-guided-tour-t629577/,2026-06-17T22:46:08+00:00
getyourguide,Paris: Marais Guided Tour Without the Crowds,5,GetYourGuide traveler – United States,,2026-02-25,https://www.getyourguide.com/paris-l16/paris-marais-without-crowds-guided-tour-t629577/,2026-06-17T22:46:08+00:00
getyourguide,Paris: Marais Guided Tour Without the Crowds,5,Mariela – United States,,2026-02-23,https://www.getyourguide.com/paris-l16/paris-marais-without-crowds-guided-tour-t629577/,2026-06-17T22:46:08+00:00
getyourguide,Paris: Marais Guided Tour Without the Crowds,5,Sally – United States,"We have been to Paris many times and this tour revealed some gems we were unaware of before. The pace was great, the guide was so knowledgeable and open to questions. We had a blast!",2026-02-22,https://www.getyourguide.com/paris-l16/paris-marais-without-crowds-guided-tour-t629577/,2026-06-17T22:46:08+00:00
getyourguide,Paris: Marais Guided Tour Without the Crowds,5,Valerie – Austria,,2026-02-21,https://www.getyourguide.com/paris-l16/paris-marais-without-crowds-guided-tour-t629577/,2026-06-17T22:46:08+00:00
getyourguide,Paris: Marais Guided Tour Without the Crowds,5,GetYourGuide traveler – United States,,2026-02-20,https://www.getyourguide.com/paris-l16/paris-marais-without-crowds-guided-tour-t629577/,2026-06-17T22:46:08+00:00
getyourguide,Paris: Marais Guided Tour Without the Crowds,5,Marguerite – Netherlands,"Super gids Philippe heeft ons ondank kou, sneeuw en regen een leerzame en interessante stadswandeling in de Marais gegeven. Hij is een zeer bekwame gids die veel meer weet dan hij kan vertellen. Echt een aanrader deze (zondag) ochtend ""Marais without crowds"".",2026-02-17,https://www.getyourguide.com/paris-l16/paris-marais-without-crowds-guided-tour-t629577/,2026-06-17T22:46:08+00:00
getyourguide,Paris: Marais Guided Tour Without the Crowds,5,Bernice – United States,Very informative and engsging. Good energy and presentation. I enjoyed it a lot.,2026-02-16,https://www.getyourguide.com/paris-l16/paris-marais-without-crowds-guided-tour-t629577/,2026-06-17T22:46:08+00:00
getyourguide,Paris: Marais Guided Tour Without the Crowds,5,GetYourGuide traveler – United States,,2026-02-16,https://www.getyourguide.com/paris-l16/paris-marais-without-crowds-guided-tour-t629577/,2026-06-17T22:46:08+00:00
getyourguide,Paris: Marais Guided Tour Without the Crowds,5,Jean-Marie – Belgium,"Interesting tour to get to know Le Marais, esp. how the original neighbourhoods transformed into the trendy places of today.",2026-02-11,https://www.getyourguide.com/paris-l16/paris-marais-without-crowds-guided-tour-t629577/,2026-06-17T22:46:08+00:00
getyourguide,Paris: Marais Guided Tour Without the Crowds,5,GetYourGuide traveler – Belgium,Excellent tour! Knowledgable guide and interesting route.,2026-02-10,https://www.getyourguide.com/paris-l16/paris-marais-without-crowds-guided-tour-t629577/,2026-06-17T22:46:08+00:00
getyourguide,Paris: Marais Guided Tour Without the Crowds,5,GetYourGuide traveler – United Kingdom,,2026-02-07,https://www.getyourguide.com/paris-l16/paris-marais-without-crowds-guided-tour-t629577/,2026-06-17T22:46:08+00:00
getyourguide,Paris: Marais Guided Tour Without the Crowds,5,Gaby – United States,"Our guide was really nice, knowledge & very happy to answer any questions. Really enjoyable and I learned a lot!",2026-02-06,https://www.getyourguide.com/paris-l16/paris-marais-without-crowds-guided-tour-t629577/,2026-06-17T22:46:08+00:00
getyourguide,Paris: Marais Guided Tour Without the Crowds,4,GetYourGuide traveler – France,,2026-02-05,https://www.getyourguide.com/paris-l16/paris-marais-without-crowds-guided-tour-t629577/,2026-06-17T22:46:08+00:00
getyourguide,Paris: Marais Guided Tour Without the Crowds,1,GetYourGuide traveler – Egypt,Nothing. I will repeat the tour with a different operator,2026-02-01,https://www.getyourguide.com/paris-l16/paris-marais-without-crowds-guided-tour-t629577/,2026-06-17T22:46:08+00:00
getyourguide,Paris: Marais Guided Tour Without the Crowds,5,GetYourGuide traveler – France,"Très agréable visite guidée, beaucoup d'informations, notre guide Edmond avait des connaissances uniques sur le Marais",2026-01-30,https://www.getyourguide.com/paris-l16/paris-marais-without-crowds-guided-tour-t629577/,2026-06-17T22:46:08+00:00
getyourguide,Paris: Marais Guided Tour Without the Crowds,5,Sebastian – Argentina,,2026-01-27,https://www.getyourguide.com/paris-l16/paris-marais-without-crowds-guided-tour-t629577/,2026-06-17T22:46:08+00:00
getyourguide,Paris: Marais Guided Tour Without the Crowds,5,Erin – Belgium,I'm so glad we booked this tour! It was really interesting and a great way to explore a part of Paris that we would have just passed through otherwise. The guide was very knowledgeable about the area and the history of Paris. We learned a lot about the area and about the larger trends in Paris that overlapped. I would definitely recommend this to anyone going to Paris trying to explore beyond the main tourist hotspots.,2026-01-26,https://www.getyourguide.com/paris-l16/paris-marais-without-crowds-guided-tour-t629577/,2026-06-17T22:46:08+00:00
getyourguide,Paris: Marais Guided Tour Without the Crowds,5,Frank – Canada,Have been to Paris a couple of times in the past and have never toured the Le Marais. Garrett was very informative and provided an engaging tour covering the district. excellent tour!,2026-01-24,https://www.getyourguide.com/paris-l16/paris-marais-without-crowds-guided-tour-t629577/,2026-06-17T22:46:08+00:00
getyourguide,Paris: Marais Guided Tour Without the Crowds,5,GetYourGuide traveler – United Kingdom,,2026-01-23,https://www.getyourguide.com/paris-l16/paris-marais-without-crowds-guided-tour-t629577/,2026-06-17T22:46:08+00:00
getyourguide,Paris: Marais Guided Tour Without the Crowds,5,Elizabeth – United States,The tour was great. The guide was very knowledgeable and friendy and provided a really interesting tour of Le Marais. I learned alot. I highly recommend this tour.,2026-01-17,https://www.getyourguide.com/paris-l16/paris-marais-without-crowds-guided-tour-t629577/,2026-06-17T22:46:08+00:00
getyourguide,Paris: Marais Guided Tour Without the Crowds,5,GetYourGuide traveler – South Africa,,2026-01-17,https://www.getyourguide.com/paris-l16/paris-marais-without-crowds-guided-tour-t629577/,2026-06-17T22:46:08+00:00
getyourguide,Paris: Marais Guided Tour Without the Crowds,4,GetYourGuide traveler – Germany,Interessante Tour. Etwas kurz.,2026-01-01,https://www.getyourguide.com/paris-l16/paris-marais-without-crowds-guided-tour-t629577/,2026-06-17T22:46:08+00:00
getyourguide,Paris: Marais Guided Tour Without the Crowds,5,Daisy – Brazil,"A minha experiência foi muito boa pois contou todos os detalhes do bairro,com os olhares de um morador antigo desse mesmo local. Descobri muitas histórias e vivenciei muitas delas passando em lugares relativamente escondidos que fazem parte da “vida” de Paris. Super Recomendo!",2025-12-28,https://www.getyourguide.com/paris-l16/paris-marais-without-crowds-guided-tour-t629577/,2026-06-17T22:46:08+00:00
getyourguide,Paris: Marais Guided Tour Without the Crowds,5,Stephanie – France,"We had a great tour around Marais. Leo was very engaging, with a fabulous selection of historical details that connected the Marais of old with the living artistic place it is today.",2025-12-28,https://www.getyourguide.com/paris-l16/paris-marais-without-crowds-guided-tour-t629577/,2026-06-17T22:46:08+00:00
getyourguide,Paris: Marais Guided Tour Without the Crowds,5,Jai – Singapore,Great short tour excellent guide Leo,2025-12-27,https://www.getyourguide.com/paris-l16/paris-marais-without-crowds-guided-tour-t629577/,2026-06-17T22:46:08+00:00
getyourguide,Paris: Marais Guided Tour Without the Crowds,5,Jakob – Australia,Very insightful and informative guide. Philippe is very passionate about it.,2025-12-20,https://www.getyourguide.com/paris-l16/paris-marais-without-crowds-guided-tour-t629577/,2026-06-17T22:46:08+00:00
getyourguide,Paris: Marais Guided Tour Without the Crowds,5,H – United States,"Our tour guide, Laura, made us feel like we were exploring Marais with a good friend. She was very engaging and enthusiastic when describing the points of interest along our route. I felt like many of the places we would not have discovered on our own and certainly would not have known the interesting history associated with it. Highly recommend this tour!",2025-12-18,https://www.getyourguide.com/paris-l16/paris-marais-without-crowds-guided-tour-t629577/,2026-06-17T22:46:08+00:00
getyourguide,Paris: Marais Guided Tour Without the Crowds,4,GetYourGuide traveler – France,,2025-12-12,https://www.getyourguide.com/paris-l16/paris-marais-without-crowds-guided-tour-t629577/,2026-06-17T22:46:08+00:00
getyourguide,Paris: Marais Guided Tour Without the Crowds,4,GetYourGuide traveler – France,"Le meilleur moyen de découvrir ce quartier historique de Paris...pour ensuite y revenir ! Avons apprécié les commentaires, les anecdotes et les bonnes adresses de notre jeune guide très avenante...",2025-12-11,https://www.getyourguide.com/paris-l16/paris-marais-without-crowds-guided-tour-t629577/,2026-06-17T22:46:08+00:00
getyourguide,Paris: Marais Guided Tour Without the Crowds,5,GetYourGuide traveler – Brazil,,2025-12-08,https://www.getyourguide.com/paris-l16/paris-marais-without-crowds-guided-tour-t629577/,2026-06-17T22:46:08+00:00
getyourguide,Paris: Marais Guided Tour Without the Crowds,5,GetYourGuide traveler – Germany,,2025-12-02,https://www.getyourguide.com/paris-l16/paris-marais-without-crowds-guided-tour-t629577/,2026-06-17T22:46:08+00:00
getyourguide,Paris: Marais Guided Tour Without the Crowds,5,GetYourGuide traveler – United Kingdom,,2025-11-23,https://www.getyourguide.com/paris-l16/paris-marais-without-crowds-guided-tour-t629577/,2026-06-17T22:46:08+00:00
getyourguide,Paris: Marais Guided Tour Without the Crowds,4,GetYourGuide traveler – France,"Très intéressante, interactive, vivante.",2025-11-17,https://www.getyourguide.com/paris-l16/paris-marais-without-crowds-guided-tour-t629577/,2026-06-17T22:46:08+00:00
getyourguide,Paris: Marais Guided Tour Without the Crowds,5,GetYourGuide traveler – United Kingdom,"Great tour, well-paced and the guide was fantastic and friendly. I learned so much about this wonderful place! Thank you!",2025-11-16,https://www.getyourguide.com/paris-l16/paris-marais-without-crowds-guided-tour-t629577/,2026-06-17T22:46:08+00:00
getyourguide,Paris: Marais Guided Tour Without the Crowds,5,GetYourGuide traveler – United States,"Guide was knowledgeable and friendly. Tour moved along a little too quickly for me. Also, an hour and a half not enough time for his considerable expertise.",2025-11-15,https://www.getyourguide.com/paris-l16/paris-marais-without-crowds-guided-tour-t629577/,2026-06-17T22:46:08+00:00
getyourguide,Paris: Marais Guided Tour Without the Crowds,5,Martin – United Kingdom,,2025-11-14,https://www.getyourguide.com/paris-l16/paris-marais-without-crowds-guided-tour-t629577/,2026-06-17T22:46:08+00:00
getyourguide,Paris: Marais Guided Tour Without the Crowds,5,GetYourGuide traveler – United Kingdom,I did the Marais walking tour with Max and it was great - he was a fun guide and I learned lots!,2025-11-08,https://www.getyourguide.com/paris-l16/paris-marais-without-crowds-guided-tour-t629577/,2026-06-17T22:46:08+00:00
getyourguide,Paris: Marais Guided Tour Without the Crowds,5,edward – United States,Very informative,2025-11-07,https://www.getyourguide.com/paris-l16/paris-marais-without-crowds-guided-tour-t629577/,2026-06-17T22:46:08+00:00
getyourguide,Paris: Marais Guided Tour Without the Crowds,4,Francisca – Netherlands,Door de wandeling met de gids hebben we een heel mooi beeld gekregen van le Marais. De gids nam ons mee naar historische plekken. Indrukwekkend en bijzonder. Het enige minpuntje was dat zijn Engels moeilijk te volgen was. Verder heel fijn dat we dit gedaan hebben.,2025-11-07,https://www.getyourguide.com/paris-l16/paris-marais-without-crowds-guided-tour-t629577/,2026-06-17T22:46:08+00:00
getyourguide,Paris: Marais Guided Tour Without the Crowds,5,Jannik – Germany,,2025-11-05,https://www.getyourguide.com/paris-l16/paris-marais-without-crowds-guided-tour-t629577/,2026-06-17T22:46:08+00:00
getyourguide,Paris: Marais Guided Tour Without the Crowds,5,Ayca – Germany,It was a really enjoyable tour and we saw parts of Le Marais which one not usually see. Definitely worth it.,2025-11-05,https://www.getyourguide.com/paris-l16/paris-marais-without-crowds-guided-tour-t629577/,2026-06-17T22:46:08+00:00
getyourguide,Paris: Marais Guided Tour Without the Crowds,5,Claire – United Kingdom,"The guide, Josephine, was amazing. Very knowledgeable, interesting, and genuinely friendly. We couldn't have wished for a better person to show us the Marais area. Highly recommended!",2025-11-04,https://www.getyourguide.com/paris-l16/paris-marais-without-crowds-guided-tour-t629577/,2026-06-17T22:46:08+00:00
getyourguide,Paris: Marais Guided Tour Without the Crowds,4,GetYourGuide traveler – Brazil,,2025-10-31,https://www.getyourguide.com/paris-l16/paris-marais-without-crowds-guided-tour-t629577/,2026-06-17T22:46:08+00:00
getyourguide,Paris: Marais Guided Tour Without the Crowds,5,Sabine – Germany,Sehr gut,2025-10-30,https://www.getyourguide.com/paris-l16/paris-marais-without-crowds-guided-tour-t629577/,2026-06-17T22:46:08+00:00
getyourguide,Paris: Marais Guided Tour Without the Crowds,5,GetYourGuide traveler – United Kingdom,,2025-10-28,https://www.getyourguide.com/paris-l16/paris-marais-without-crowds-guided-tour-t629577/,2026-06-17T22:46:08+00:00
getyourguide,Paris: Marais Guided Tour Without the Crowds,5,GetYourGuide traveler – Germany,,2025-10-28,https://www.getyourguide.com/paris-l16/paris-marais-without-crowds-guided-tour-t629577/,2026-06-17T22:46:08+00:00
getyourguide,Paris: Marais Guided Tour Without the Crowds,5,Shiva – United Kingdom,,2025-10-24,https://www.getyourguide.com/paris-l16/paris-marais-without-crowds-guided-tour-t629577/,2026-06-17T22:46:08+00:00
getyourguide,Paris: Marais Guided Tour Without the Crowds,5,Heidi – United States,Leo our tour guide was very personable and shared many interesting facts about the Marais. She was able to pint out many details we would have missed walking on our own.,2025-10-22,https://www.getyourguide.com/paris-l16/paris-marais-without-crowds-guided-tour-t629577/,2026-06-17T22:46:08+00:00
getyourguide,Paris: Marais Guided Tour Without the Crowds,5,Chelsea – United States,"Max was a fun tour guide, very informative. It was nice to have a Parisian perspective on the changes to the area. Good value.",2025-10-19,https://www.getyourguide.com/paris-l16/paris-marais-without-crowds-guided-tour-t629577/,2026-06-17T22:46:08+00:00
getyourguide,Paris: Marais Guided Tour Without the Crowds,5,GetYourGuide traveler – Australia,"Our guide, Max, was personable, articulate and knowledgeable. We thorougly enjoyed the guided walk through the lesser known parts of the Marais.",2025-10-19,https://www.getyourguide.com/paris-l16/paris-marais-without-crowds-guided-tour-t629577/,2026-06-17T22:46:08+00:00
getyourguide,Paris: Marais Guided Tour Without the Crowds,5,Maren – Germany,"Max war ein super Guide; sehr sympathisch! Interessante Informationen, Zeit für Nachfragen, und er gab noch Tipps für das weitere Erkunden des Marais Viertels. Top!",2025-10-18,https://www.getyourguide.com/paris-l16/paris-marais-without-crowds-guided-tour-t629577/,2026-06-17T22:46:08+00:00
getyourguide,Paris: Marais Guided Tour Without the Crowds,5,Volker – Germany,"Sehr charmante und kundige junge Dame. Es wurden interessante Orte und Details gezeigt und erklärt, die ich alleine nicht gefunden hätte.",2025-10-17,https://www.getyourguide.com/paris-l16/paris-marais-without-crowds-guided-tour-t629577/,2026-06-17T22:46:08+00:00
getyourguide,Paris: Marais Guided Tour Without the Crowds,5,Marianne – United States,My husband and I loved the walking tour of the Marais. Our guide Max was very personable and very knowledgeable of the area. Our group was pleasant and we all really enjoyed leisurely walking around the neighborhood while learning about its rich history. I would definitely recommend this tour!,2025-10-16,https://www.getyourguide.com/paris-l16/paris-marais-without-crowds-guided-tour-t629577/,2026-06-17T22:46:08+00:00
getyourguide,Paris: Marais Guided Tour Without the Crowds,4,Adelita – United States,,2025-10-15,https://www.getyourguide.com/paris-l16/paris-marais-without-crowds-guided-tour-t629577/,2026-06-17T22:46:08+00:00
getyourguide,Paris: Marais Guided Tour Without the Crowds,5,Donna – United States,"Our tour guide was excellent. She was smart, funny, prepared and wonderful.",2025-10-15,https://www.getyourguide.com/paris-l16/paris-marais-without-crowds-guided-tour-t629577/,2026-06-17T22:46:08+00:00
getyourguide,Paris: Marais Guided Tour Without the Crowds,5,GetYourGuide traveler – Taiwan,,2025-10-15,https://www.getyourguide.com/paris-l16/paris-marais-without-crowds-guided-tour-t629577/,2026-06-17T22:46:08+00:00
getyourguide,Paris: Marais Guided Tour Without the Crowds,5,GetYourGuide traveler – Germany,,2025-10-14,https://www.getyourguide.com/paris-l16/paris-marais-without-crowds-guided-tour-t629577/,2026-06-17T22:46:08+00:00
getyourguide,Paris: Marais Guided Tour Without the Crowds,5,Sarena – United States,,2025-10-14,https://www.getyourguide.com/paris-l16/paris-marais-without-crowds-guided-tour-t629577/,2026-06-17T22:46:08+00:00
getyourguide,Paris: Marais Guided Tour Without the Crowds,5,GetYourGuide traveler – France,👌,2025-10-12,https://www.getyourguide.com/paris-l16/paris-marais-without-crowds-guided-tour-t629577/,2026-06-17T22:46:08+00:00
getyourguide,Paris: Marais Guided Tour Without the Crowds,5,Romain – France,,2025-10-12,https://www.getyourguide.com/paris-l16/paris-marais-without-crowds-guided-tour-t629577/,2026-06-17T22:46:08+00:00
getyourguide,Paris: Marais Guided Tour Without the Crowds,5,Gina – United States,Edmund was knowledgeable and easy to understand. He even added some side stories regarding his family since they lived in the area and it really made the tour more interesting. I highly recommend!,2025-10-12,https://www.getyourguide.com/paris-l16/paris-marais-without-crowds-guided-tour-t629577/,2026-06-17T22:46:08+00:00
getyourguide,Paris: Marais Guided Tour Without the Crowds,5,Tracey – United States,,2025-10-11,https://www.getyourguide.com/paris-l16/paris-marais-without-crowds-guided-tour-t629577/,2026-06-17T22:46:08+00:00
getyourguide,Paris: Marais Guided Tour Without the Crowds,5,Linda – United States,,2025-10-09,https://www.getyourguide.com/paris-l16/paris-marais-without-crowds-guided-tour-t629577/,2026-06-17T22:46:08+00:00
getyourguide,Paris: Marais Guided Tour Without the Crowds,5,Camilla – Sweden,"Edmund var en otroligt engagerad, personlig och kunnig guid. Visade sidor av Marais som vi inte viste så mycket om vilket var toppen! Det roliga med guidade turer som dessa oavsett stad är det korta mötet med guiden och här finns inget mer att önska! Kort och informativ tur!",2025-10-08,https://www.getyourguide.com/paris-l16/paris-marais-without-crowds-guided-tour-t629577/,2026-06-17T22:46:08+00:00
getyourguide,Paris: Marais Guided Tour Without the Crowds,5,Eugenie – Canada,"Philippe was an excellent, informative, personable guide. He took us to places we would never have found on our own. He paces the tour so that everyone was able to follow without needing to concentrate on the walk rather than the surroundings.",2025-10-08,https://www.getyourguide.com/paris-l16/paris-marais-without-crowds-guided-tour-t629577/,2026-06-17T22:46:08+00:00
getyourguide,Paris: Marais Guided Tour Without the Crowds,5,Kathryn – New Zealand,Phillipe was amazing as a guide. He explained details that we would never see or know about. The group wasn't too big and even without headsets you could easily hear him. We went to interesting places and the walking wasn't difficult. if you want to know an area then go with a local. it takes the hassle out of referring to maps and guide books.,2025-10-07,https://www.getyourguide.com/paris-l16/paris-marais-without-crowds-guided-tour-t629577/,2026-06-17T22:46:08+00:00
getyourguide,Paris: Marais Guided Tour Without the Crowds,5,Andrea – United States,Our guide was incredible. We loved him. Knew so much about the area! Would love to do other tours with him in the lead. Very good sense of humor too!,2025-10-06,https://www.getyourguide.com/paris-l16/paris-marais-without-crowds-guided-tour-t629577/,2026-06-17T22:46:08+00:00
getyourguide,Paris: Marais Guided Tour Without the Crowds,5,Sally – New Zealand,It was all enlightening and enjoyable,2025-10-06,https://www.getyourguide.com/paris-l16/paris-marais-without-crowds-guided-tour-t629577/,2026-06-17T22:46:08+00:00
getyourguide,Paris: Marais Guided Tour Without the Crowds,5,Anna – Germany,"I highly recommend this tour, which combines history with a pleasant stroll through the Marais. Our guide was friendly, very knowledgeable, entertaining, and attentive. On Sunday morning, many of the small hidden places that he showed us were very quiet.",2025-10-06,https://www.getyourguide.com/paris-l16/paris-marais-without-crowds-guided-tour-t629577/,2026-06-17T22:46:08+00:00
getyourguide,Paris: Marais Guided Tour Without the Crowds,5,Derek C – United States,,2025-10-05,https://www.getyourguide.com/paris-l16/paris-marais-without-crowds-guided-tour-t629577/,2026-06-17T22:46:08+00:00
getyourguide,Paris: Marais Guided Tour Without the Crowds,5,GetYourGuide traveler – South Africa,"Max was our tour guide, trully enjoyed the tour and his humour.",2025-10-02,https://www.getyourguide.com/paris-l16/paris-marais-without-crowds-guided-tour-t629577/,2026-06-17T22:46:08+00:00
getyourguide,Paris: Marais Guided Tour Without the Crowds,5,Curtis – United States,"Max, our guide, is a charismatic person. Our entire group of 8 felt comfortable and well entertained by his commentary.",2025-10-02,https://www.getyourguide.com/paris-l16/paris-marais-without-crowds-guided-tour-t629577/,2026-06-17T22:46:08+00:00
getyourguide,Paris: Marais Guided Tour Without the Crowds,5,GetYourGuide traveler – Japan,,2025-09-29,https://www.getyourguide.com/paris-l16/paris-marais-without-crowds-guided-tour-t629577/,2026-06-17T22:46:08+00:00
getyourguide,Paris: Marais Guided Tour Without the Crowds,5,Laurie – Canada,"I think our guide, Kevan, was my favourite thing about the tour. He had a nice way with the members of the group and very well researched discourse during the tour. Nice kid. I really liked appreciated his ease with the details of the tour and his ability to engage everybody in such an upbeat way",2025-09-29,https://www.getyourguide.com/paris-l16/paris-marais-without-crowds-guided-tour-t629577/,2026-06-17T22:46:08+00:00
getyourguide,Paris: Marais Guided Tour Without the Crowds,5,Helen – United Kingdom,Very informative sprinkled with good humour. Our guide Max kept all 6 of us fully entertained.,2025-09-26,https://www.getyourguide.com/paris-l16/paris-marais-without-crowds-guided-tour-t629577/,2026-06-17T22:46:08+00:00
getyourguide,Paris: Marais Guided Tour Without the Crowds,5,GetYourGuide traveler – United States,"Max, our guide, was very knowledgeable and charming about the area. Learned lots about medieval Paris, the aristocrats and restoration of Marais, and the various populations who made Paris their home. He also recommended an amazing restaurant, which I won't name here so you take the tour with him to get the info yourself!",2025-09-25,https://www.getyourguide.com/paris-l16/paris-marais-without-crowds-guided-tour-t629577/,2026-06-17T22:46:08+00:00
getyourguide,Paris: Marais Guided Tour Without the Crowds,5,Bridget – United States,,2025-09-24,https://www.getyourguide.com/paris-l16/paris-marais-without-crowds-guided-tour-t629577/,2026-06-17T22:46:08+00:00
getyourguide,Paris: Marais Guided Tour Without the Crowds,4,Diane – United States,information areas visited. with a group the size we were headsets would have been very beneficial often we missed some of the commentary Meeting site was a bit unusual just on a street side when a park area was close,2025-09-22,https://www.getyourguide.com/paris-l16/paris-marais-without-crowds-guided-tour-t629577/,2026-06-17T22:46:08+00:00
getyourguide,Paris: Marais Guided Tour Without the Crowds,5,Renata – United States,tour guide was very knowledgeable and answer all our questions thank you!,2025-09-22,https://www.getyourguide.com/paris-l16/paris-marais-without-crowds-guided-tour-t629577/,2026-06-17T22:46:08+00:00
getyourguide,Paris: Marais Guided Tour Without the Crowds,2,GetYourGuide traveler – United States,"It makes no sense to do a tour in a busy city are with no amplification. Every other tour group we passed had some form of amplification. It was often impossible to hear our guide because of the street noise, and she talked straight through even when loud motorcycles or noisy trucks were passing by. Young and old were frustrated. While she was charming, our guide gave almost no historical depth. She would give a fact but little context as to why things happened. I’ve been on many city tours all over the world….sadly, this did not measure up.",2025-09-21,https://www.getyourguide.com/paris-l16/paris-marais-without-crowds-guided-tour-t629577/,2026-06-17T22:46:08+00:00
getyourguide,Paris: Marais Guided Tour Without the Crowds,4,GetYourGuide traveler – United Kingdom,,2025-09-20,https://www.getyourguide.com/paris-l16/paris-marais-without-crowds-guided-tour-t629577/,2026-06-17T22:46:08+00:00
getyourguide,Paris: Marais Guided Tour Without the Crowds,5,Mark – United States,,2025-09-20,https://www.getyourguide.com/paris-l16/paris-marais-without-crowds-guided-tour-t629577/,2026-06-17T22:46:08+00:00
getyourguide,Paris: Marais Guided Tour Without the Crowds,5,Yelda – United Arab Emirates,,2025-09-19,https://www.getyourguide.com/paris-l16/paris-marais-without-crowds-guided-tour-t629577/,2026-06-17T22:46:08+00:00
getyourguide,Paris: Marais Guided Tour Without the Crowds,5,Nick – United States,,2025-09-19,https://www.getyourguide.com/paris-l16/paris-marais-without-crowds-guided-tour-t629577/,2026-06-17T22:46:08+00:00
getyourguide,Paris: Marais Guided Tour Without the Crowds,5,Amotz – Israel,Liza was amazing,2025-09-16,https://www.getyourguide.com/paris-l16/paris-marais-without-crowds-guided-tour-t629577/,2026-06-17T22:46:08+00:00
getyourguide,Paris: Marais Guided Tour Without the Crowds,5,GetYourGuide traveler – Israel,Max the tour guide was wonderful very professional with a lot of humor The time and sites seeing are perfect Thank you,2025-09-13,https://www.getyourguide.com/paris-l16/paris-marais-without-crowds-guided-tour-t629577/,2026-06-17T22:46:08+00:00
getyourguide,Paris: Marais Guided Tour Without the Crowds,5,Lisa – United States,,2025-09-12,https://www.getyourguide.com/paris-l16/paris-marais-without-crowds-guided-tour-t629577/,2026-06-17T22:46:08+00:00
getyourguide,Paris: Marais Guided Tour Without the Crowds,5,Clare – United Kingdom,Max was very knowledgeable and a great guide.,2025-09-11,https://www.getyourguide.com/paris-l16/paris-marais-without-crowds-guided-tour-t629577/,2026-06-17T22:46:08+00:00
getyourguide,Paris: Marais Guided Tour Without the Crowds,5,GetYourGuide traveler – United States,,2025-09-10,https://www.getyourguide.com/paris-l16/paris-marais-without-crowds-guided-tour-t629577/,2026-06-17T22:46:08+00:00
getyourguide,Paris: Marais Guided Tour Without the Crowds,5,GetYourGuide traveler – Germany,"Leo hat es tatsächlich geschafft, uns eine gute Einführung in das Viertel zu geben, interessant und mit vielen kleinen zusätzlichen Infos.",2025-09-08,https://www.getyourguide.com/paris-l16/paris-marais-without-crowds-guided-tour-t629577/,2026-06-17T22:46:08+00:00
getyourguide,Paris: Marais Guided Tour Without the Crowds,5,GetYourGuide traveler – United States,Wonderful upbeat guide and lots of history culture and insider knowledge! Definitely recommend this tour.,2025-09-08,https://www.getyourguide.com/paris-l16/paris-marais-without-crowds-guided-tour-t629577/,2026-06-17T22:46:08+00:00
getyourguide,Paris: Marais Guided Tour Without the Crowds,5,Branka – Canada,"Max is an excellent guide! He is very knowledgeable about Marais, its history, architecture and culture. The walk was very enjoyable and informative. We walked to each landmark without being rushed and he explained everything and answered all questions. Max has a witty sense of humour and his funny stories or remarks made this tour more interesting and enjoyable. This is hands down one of the best tour I’ve ever been to. Highly recommended it!",2025-09-08,https://www.getyourguide.com/paris-l16/paris-marais-without-crowds-guided-tour-t629577/,2026-06-17T22:46:08+00:00
getyourguide,Paris: Marais Guided Tour Without the Crowds,5,GetYourGuide traveler – Germany,Very nice and off the beaten track,2025-08-29,https://www.getyourguide.com/paris-l16/paris-marais-without-crowds-guided-tour-t629577/,2026-06-17T22:46:08+00:00
getyourguide,Paris: Marais Guided Tour Without the Crowds,5,Heiner – Germany,,2025-08-28,https://www.getyourguide.com/paris-l16/paris-marais-without-crowds-guided-tour-t629577/,2026-06-17T22:46:08+00:00
getyourguide,Paris: Marais Guided Tour Without the Crowds,5,Julius – Canada,,2025-08-27,https://www.getyourguide.com/paris-l16/paris-marais-without-crowds-guided-tour-t629577/,2026-06-17T22:46:08+00:00
getyourguide,Paris: Marais Guided Tour Without the Crowds,5,GetYourGuide traveler – France,Le village Saint Paul,2025-08-27,https://www.getyourguide.com/paris-l16/paris-marais-without-crowds-guided-tour-t629577/,2026-06-17T22:46:08+00:00
getyourguide,Paris: Marais Guided Tour Without the Crowds,5,GetYourGuide traveler – Germany,,2025-08-26,https://www.getyourguide.com/paris-l16/paris-marais-without-crowds-guided-tour-t629577/,2026-06-17T22:46:08+00:00
getyourguide,Paris: Marais Guided Tour Without the Crowds,5,Julie – France,Visite tres interessante avec Victoria. Je recommande!,2025-08-24,https://www.getyourguide.com/paris-l16/paris-marais-without-crowds-guided-tour-t629577/,2026-06-17T22:46:08+00:00
getyourguide,Paris: Marais Guided Tour Without the Crowds,5,FREDERIQUE – Switzerland,"Victoria is an excellent guide! She is passionate about her work, very positive and kind. Her energy makes this tour even more enjoyable. She explains every aspect of places we stop to, takes time to answer any questions and gives historical anecdotes. Highly recommended.",2025-08-24,https://www.getyourguide.com/paris-l16/paris-marais-without-crowds-guided-tour-t629577/,2026-06-17T22:46:08+00:00
getyourguide,Paris: Marais Guided Tour Without the Crowds,5,GetYourGuide traveler – United Kingdom,,2025-08-22,https://www.getyourguide.com/paris-l16/paris-marais-without-crowds-guided-tour-t629577/,2026-06-17T22:46:08+00:00
getyourguide,Paris: Marais Guided Tour Without the Crowds,5,Valeria – Italy,"Leo. È stata chiara, dettagliata ed empatica nelle sue descrizioni. Il tour è durato un ora e mezza e i miei figli l'hanno apprezzato tanto quanto noi!",2025-08-22,https://www.getyourguide.com/paris-l16/paris-marais-without-crowds-guided-tour-t629577/,2026-06-17T22:46:08+00:00
getyourguide,Paris: Marais Guided Tour Without the Crowds,3,Stella – United States,,2025-08-20,https://www.getyourguide.com/paris-l16/paris-marais-without-crowds-guided-tour-t629577/,2026-06-17T22:46:08+00:00
getyourguide,Paris: Marais Guided Tour Without the Crowds,5,Liz – United States,Great tour with super guide! Nice walking experience to get more familiar with Marais and its history.,2025-08-20,https://www.getyourguide.com/paris-l16/paris-marais-without-crowds-guided-tour-t629577/,2026-06-17T22:46:08+00:00
getyourguide,Paris: Marais Guided Tour Without the Crowds,5,GetYourGuide traveler – United States,,2025-08-19,https://www.getyourguide.com/paris-l16/paris-marais-without-crowds-guided-tour-t629577/,2026-06-17T22:46:08+00:00
getyourguide,Paris: Marais Guided Tour Without the Crowds,5,erik – Luxembourg,Interesting and well presented,2025-08-18,https://www.getyourguide.com/paris-l16/paris-marais-without-crowds-guided-tour-t629577/,2026-06-17T22:46:08+00:00
getyourguide,Paris: Marais Guided Tour Without the Crowds,4,GetYourGuide traveler – Germany,,2025-08-17,https://www.getyourguide.com/paris-l16/paris-marais-without-crowds-guided-tour-t629577/,2026-06-17T22:46:08+00:00
getyourguide,Paris: Marais Guided Tour Without the Crowds,5,GetYourGuide traveler – France,"Top, je recommande. Visite du marais en petit comité, très agréable.",2025-08-16,https://www.getyourguide.com/paris-l16/paris-marais-without-crowds-guided-tour-t629577/,2026-06-17T22:46:08+00:00
getyourguide,Paris: Marais Guided Tour Without the Crowds,5,GetYourGuide traveler – Germany,"Ein sehr netter junger Mann, der viel über das Marias und seine Geschichte erzählen könnte. Unterhaltsam und sehr kurzweilig. Unbedingt empfehlenswert!",2025-08-11,https://www.getyourguide.com/paris-l16/paris-marais-without-crowds-guided-tour-t629577/,2026-06-17T22:46:08+00:00
getyourguide,Paris: Marais Guided Tour Without the Crowds,5,Sharon – Australia,We enjoyed this tour very much. Achille is an accomplished tour guide maintaining an excellent pace without making the tour feel rushed. Great stories to go with the fascinating parts of the Marais we visited. We highly recommend this tour.,2025-08-11,https://www.getyourguide.com/paris-l16/paris-marais-without-crowds-guided-tour-t629577/,2026-06-17T22:46:08+00:00
getyourguide,Paris: Marais Guided Tour Without the Crowds,5,GetYourGuide traveler – Australia,,2025-08-09,https://www.getyourguide.com/paris-l16/paris-marais-without-crowds-guided-tour-t629577/,2026-06-17T22:46:08+00:00
getyourguide,Paris: Marais Guided Tour Without the Crowds,5,GetYourGuide traveler – Germany,Very nice tour,2025-08-09,https://www.getyourguide.com/paris-l16/paris-marais-without-crowds-guided-tour-t629577/,2026-06-17T22:46:08+00:00
getyourguide,Paris: Marais Guided Tour Without the Crowds,5,GetYourGuide traveler – Canada,,2025-08-06,https://www.getyourguide.com/paris-l16/paris-marais-without-crowds-guided-tour-t629577/,2026-06-17T22:46:08+00:00
getyourguide,Paris: Marais Guided Tour Without the Crowds,5,Guylene – Australia,Josephine... the pink lady🩷 ... was awesome ... charming and engaging and very knowledgeable. Her enthusiasm and love of the area shone through the time spent with her.,2025-08-06,https://www.getyourguide.com/paris-l16/paris-marais-without-crowds-guided-tour-t629577/,2026-06-17T22:46:08+00:00
getyourguide,Paris: Marais Guided Tour Without the Crowds,4,GetYourGuide traveler – Germany,,2025-08-05,https://www.getyourguide.com/paris-l16/paris-marais-without-crowds-guided-tour-t629577/,2026-06-17T22:46:08+00:00
getyourguide,Paris: Marais Guided Tour Without the Crowds,5,GetYourGuide traveler – Canada,,2025-08-04,https://www.getyourguide.com/paris-l16/paris-marais-without-crowds-guided-tour-t629577/,2026-06-17T22:46:08+00:00
getyourguide,Paris: Marais Guided Tour Without the Crowds,5,GetYourGuide traveler – Switzerland,"bejamin hat super viel historisches erzählt, es war authentisch da unser guide seine schulzeit in marais verbracht hat",2025-08-03,https://www.getyourguide.com/paris-l16/paris-marais-without-crowds-guided-tour-t629577/,2026-06-17T22:46:08+00:00
getyourguide,Paris: Marais Guided Tour Without the Crowds,5,GetYourGuide traveler – Germany,,2025-08-02,https://www.getyourguide.com/paris-l16/paris-marais-without-crowds-guided-tour-t629577/,2026-06-17T22:46:08+00:00
getyourguide,Paris: Marais Guided Tour Without the Crowds,5,Benjamin – Germany,,2025-08-01,https://www.getyourguide.com/paris-l16/paris-marais-without-crowds-guided-tour-t629577/,2026-06-17T22:46:08+00:00
getyourguide,Paris: Marais Guided Tour Without the Crowds,5,GetYourGuide traveler – Austria,Die Gärten,2025-07-31,https://www.getyourguide.com/paris-l16/paris-marais-without-crowds-guided-tour-t629577/,2026-06-17T22:46:08+00:00
getyourguide,Paris: Marais Guided Tour Without the Crowds,5,GetYourGuide traveler – Germany,,2025-07-31,https://www.getyourguide.com/paris-l16/paris-marais-without-crowds-guided-tour-t629577/,2026-06-17T22:46:08+00:00
getyourguide,Paris: Marais Guided Tour Without the Crowds,5,Margaret – United States,,2025-07-31,https://www.getyourguide.com/paris-l16/paris-marais-without-crowds-guided-tour-t629577/,2026-06-17T22:46:08+00:00
getyourguide,Paris: Marais Guided Tour Without the Crowds,5,GetYourGuide traveler – Germany,Ein sehr netter und sehr kenntnisreicher Guide!,2025-07-30,https://www.getyourguide.com/paris-l16/paris-marais-without-crowds-guided-tour-t629577/,2026-06-17T22:46:08+00:00
getyourguide,Paris: Marais Guided Tour Without the Crowds,5,GetYourGuide traveler – Canada,,2025-07-29,https://www.getyourguide.com/paris-l16/paris-marais-without-crowds-guided-tour-t629577/,2026-06-17T22:46:08+00:00
getyourguide,Paris: Marais Guided Tour Without the Crowds,5,Aurelie – France,"Visite très intéressante. Nous avons découvert le quartier du Marais en toute quiétude et n'avons pas vu le temps passer. attention : la visite est uniquement en anglais : attirée par le thème de la visite, je n'ai pas vu qu'elle était proposée uniquement dans la langue de Shakespeare. Heureusement que Max, notre excellent guide, nous a de temps en temps apporter des précisions quand nous étions un peu perdues. Un grand merci à lui. Max transmet à merveille ll'héritage culturel et historique du Marais et de Paris dans son ensemble. Nous en garderons un excellent souvenir.",2025-07-28,https://www.getyourguide.com/paris-l16/paris-marais-without-crowds-guided-tour-t629577/,2026-06-17T22:46:08+00:00
getyourguide,Paris: Marais Guided Tour Without the Crowds,5,Laurie – United States,"Phillip was very knowledgeable, well spoken and went at a good pace!",2025-07-27,https://www.getyourguide.com/paris-l16/paris-marais-without-crowds-guided-tour-t629577/,2026-06-17T22:46:08+00:00
getyourguide,Paris: Marais Guided Tour Without the Crowds,5,Vanessa – United States,Max was awesome- must do!,2025-07-26,https://www.getyourguide.com/paris-l16/paris-marais-without-crowds-guided-tour-t629577/,2026-06-17T22:46:08+00:00
getyourguide,Paris: Marais Guided Tour Without the Crowds,3,GetYourGuide traveler – Germany,,2025-07-26,https://www.getyourguide.com/paris-l16/paris-marais-without-crowds-guided-tour-t629577/,2026-06-17T22:46:08+00:00
getyourguide,Paris: Marais Guided Tour Without the Crowds,5,GetYourGuide traveler – United States,,2025-07-25,https://www.getyourguide.com/paris-l16/paris-marais-without-crowds-guided-tour-t629577/,2026-06-17T22:46:08+00:00
getyourguide,Paris: Marais Guided Tour Without the Crowds,5,Murt – Australia,"I’ve been on many walking/cycling tours and this was easily the best. Max is so well informed and his delivery was so funny. He should be on the stage!! He took us to very interesting places in the Marais and had lots of background information to add to the experience. I highly recommend this tour, ask if Max is the guide!!",2025-07-25,https://www.getyourguide.com/paris-l16/paris-marais-without-crowds-guided-tour-t629577/,2026-06-17T22:46:08+00:00
getyourguide,Paris: Marais Guided Tour Without the Crowds,5,GetYourGuide traveler – Germany,,2025-07-24,https://www.getyourguide.com/paris-l16/paris-marais-without-crowds-guided-tour-t629577/,2026-06-17T22:46:08+00:00
getyourguide,Paris: Marais Guided Tour Without the Crowds,5,GetYourGuide traveler – United States,,2025-07-24,https://www.getyourguide.com/paris-l16/paris-marais-without-crowds-guided-tour-t629577/,2026-06-17T22:46:08+00:00
getyourguide,Paris: Marais Guided Tour Without the Crowds,5,GetYourGuide traveler – Canada,Our guide provided a great mix of information along with a lovely personality. The length was suitable for many ages and at a casual pace.,2025-07-22,https://www.getyourguide.com/paris-l16/paris-marais-without-crowds-guided-tour-t629577/,2026-06-17T22:46:08+00:00
getyourguide,Paris: Marais Guided Tour Without the Crowds,5,Benoit – France,Merci à Vuctoria pour sa bonne humeur et pour toutes les explications très instructives . Tour des zines moins connues du marais. Attention c'est en anglais.,2025-07-20,https://www.getyourguide.com/paris-l16/paris-marais-without-crowds-guided-tour-t629577/,2026-06-17T22:46:08+00:00
getyourguide,Paris: Marais Guided Tour Without the Crowds,5,GetYourGuide traveler – United States,,2025-07-18,https://www.getyourguide.com/paris-l16/paris-marais-without-crowds-guided-tour-t629577/,2026-06-17T22:46:08+00:00
getyourguide,Paris: Marais Guided Tour Without the Crowds,5,GetYourGuide traveler – Germany,,2025-07-17,https://www.getyourguide.com/paris-l16/paris-marais-without-crowds-guided-tour-t629577/,2026-06-17T22:46:08+00:00
getyourguide,Paris: Marais Guided Tour Without the Crowds,5,GetYourGuide traveler – United States,,2025-07-16,https://www.getyourguide.com/paris-l16/paris-marais-without-crowds-guided-tour-t629577/,2026-06-17T22:46:08+00:00
getyourguide,Paris: Marais Guided Tour Without the Crowds,5,GetYourGuide traveler – Denmark,,2025-07-15,https://www.getyourguide.com/paris-l16/paris-marais-without-crowds-guided-tour-t629577/,2026-06-17T22:46:08+00:00
getyourguide,Paris: Marais Guided Tour Without the Crowds,5,Michael – Germany,,2025-07-15,https://www.getyourguide.com/paris-l16/paris-marais-without-crowds-guided-tour-t629577/,2026-06-17T22:46:08+00:00
getyourguide,Paris: Marais Guided Tour Without the Crowds,5,Linda – Australia,,2025-07-13,https://www.getyourguide.com/paris-l16/paris-marais-without-crowds-guided-tour-t629577/,2026-06-17T22:46:08+00:00
getyourguide,Paris: Marais Guided Tour Without the Crowds,5,GetYourGuide traveler – Germany,,2025-07-11,https://www.getyourguide.com/paris-l16/paris-marais-without-crowds-guided-tour-t629577/,2026-06-17T22:46:08+00:00
getyourguide,Paris: Marais Guided Tour Without the Crowds,5,Yuliya – Canada,,2025-07-11,https://www.getyourguide.com/paris-l16/paris-marais-without-crowds-guided-tour-t629577/,2026-06-17T22:46:08+00:00
getyourguide,Paris: Marais Guided Tour Without the Crowds,4,Alison – Australia,"It was good, but too much time spent talking on things other than Le Marais, so we didn’t get to see all that was advertised and expected. I thought we would experience more of the bohemian side of the area, but that wasn’t apparent. Still, the history was good. Thanks",2025-07-10,https://www.getyourguide.com/paris-l16/paris-marais-without-crowds-guided-tour-t629577/,2026-06-17T22:46:08+00:00
getyourguide,Paris: Marais Guided Tour Without the Crowds,5,GetYourGuide traveler – United States,,2025-07-10,https://www.getyourguide.com/paris-l16/paris-marais-without-crowds-guided-tour-t629577/,2026-06-17T22:46:08+00:00
getyourguide,Paris: Marais Guided Tour Without the Crowds,3,GetYourGuide traveler – Germany,,2025-07-09,https://www.getyourguide.com/paris-l16/paris-marais-without-crowds-guided-tour-t629577/,2026-06-17T22:46:08+00:00
getyourguide,Paris: Marais Guided Tour Without the Crowds,5,GetYourGuide traveler – Norway,,2025-07-08,https://www.getyourguide.com/paris-l16/paris-marais-without-crowds-guided-tour-t629577/,2026-06-17T22:46:08+00:00
getyourguide,Paris: Marais Guided Tour Without the Crowds,5,GetYourGuide traveler – Germany,,2025-07-07,https://www.getyourguide.com/paris-l16/paris-marais-without-crowds-guided-tour-t629577/,2026-06-17T22:46:08+00:00
getyourguide,Paris: Marais Guided Tour Without the Crowds,4,GetYourGuide traveler – Canada,"Very interesting, we had to leave about 2/3 of the way in because we were totally soaked from the rain",2025-07-07,https://www.getyourguide.com/paris-l16/paris-marais-without-crowds-guided-tour-t629577/,2026-06-17T22:46:08+00:00
getyourguide,Paris: Marais Guided Tour Without the Crowds,5,Manfred – Austria,Toller tour Guide. Sie war sehr sympathisch. Tolle neue Orte. Empfehlenswert,2025-07-06,https://www.getyourguide.com/paris-l16/paris-marais-without-crowds-guided-tour-t629577/,2026-06-17T22:46:08+00:00
getyourguide,Paris: Marais Guided Tour Without the Crowds,5,Julia – Austria,"Wieder ein tolles Erlebnis mit Lina, so engagiert und interessant und persönlich!",2025-07-05,https://www.getyourguide.com/paris-l16/paris-marais-without-crowds-guided-tour-t629577/,2026-06-17T22:46:08+00:00
getyourguide,Paris: Marais Guided Tour Without the Crowds,5,GetYourGuide traveler – United States,,2025-07-05,https://www.getyourguide.com/paris-l16/paris-marais-without-crowds-guided-tour-t629577/,2026-06-17T22:46:08+00:00
getyourguide,Paris: Marais Guided Tour Without the Crowds,5,GetYourGuide traveler – United States,"I loved the back streets and gardens of Marais! Josephine knew the quiet spaces , engaged well with the diverse crowd and included interesting historical facts !!",2025-07-03,https://www.getyourguide.com/paris-l16/paris-marais-without-crowds-guided-tour-t629577/,2026-06-17T22:46:08+00:00
getyourguide,Paris: Marais Guided Tour Without the Crowds,5,Judith – Germany,,2025-07-02,https://www.getyourguide.com/paris-l16/paris-marais-without-crowds-guided-tour-t629577/,2026-06-17T22:46:08+00:00
getyourguide,Paris: Marais Guided Tour Without the Crowds,5,GetYourGuide traveler – United Arab Emirates,The guide was knowledgeable & enthusiastic to share facts & stories. Very interactive too! Well worth walking in the hot weather .,2025-07-01,https://www.getyourguide.com/paris-l16/paris-marais-without-crowds-guided-tour-t629577/,2026-06-17T22:46:08+00:00
getyourguide,Paris: Marais Guided Tour Without the Crowds,5,Belmont – United States,,2025-07-01,https://www.getyourguide.com/paris-l16/paris-marais-without-crowds-guided-tour-t629577/,2026-06-17T22:46:08+00:00
getyourguide,Paris: Marais Guided Tour Without the Crowds,2,GetYourGuide traveler – Australia,,2025-07-01,https://www.getyourguide.com/paris-l16/paris-marais-without-crowds-guided-tour-t629577/,2026-06-17T22:46:08+00:00
getyourguide,Paris: Marais Guided Tour Without the Crowds,5,Boris – Australia,God Jewish history lesson,2025-06-30,https://www.getyourguide.com/paris-l16/paris-marais-without-crowds-guided-tour-t629577/,2026-06-17T22:46:08+00:00
getyourguide,Paris: Marais Guided Tour Without the Crowds,5,Kathleen – Australia,I loved the tour and Gerrit’s knowledge and sense of local history was impressive. I would highly recommend this tour to anyone visiting Paris.,2025-06-29,https://www.getyourguide.com/paris-l16/paris-marais-without-crowds-guided-tour-t629577/,2026-06-17T22:46:08+00:00
getyourguide,Paris: Marais Guided Tour Without the Crowds,4,GetYourGuide traveler – Canada,,2025-06-28,https://www.getyourguide.com/paris-l16/paris-marais-without-crowds-guided-tour-t629577/,2026-06-17T22:46:08+00:00
getyourguide,Paris: Marais Guided Tour Without the Crowds,5,GetYourGuide traveler – United States,I loved being able to see many different land marks of the city and the added historical knowledge of the places was really cool,2025-06-27,https://www.getyourguide.com/paris-l16/paris-marais-without-crowds-guided-tour-t629577/,2026-06-17T22:46:08+00:00
getyourguide,Paris: Marais Guided Tour Without the Crowds,2,GetYourGuide traveler – Germany,,2025-06-27,https://www.getyourguide.com/paris-l16/paris-marais-without-crowds-guided-tour-t629577/,2026-06-17T22:46:08+00:00
getyourguide,Paris: Marais Guided Tour Without the Crowds,4,Derryn – Australia,,2025-06-26,https://www.getyourguide.com/paris-l16/paris-marais-without-crowds-guided-tour-t629577/,2026-06-17T22:46:08+00:00
getyourguide,Paris: Marais Guided Tour Without the Crowds,5,Derya – Switzerland,,2025-06-24,https://www.getyourguide.com/paris-l16/paris-marais-without-crowds-guided-tour-t629577/,2026-06-17T22:46:08+00:00
getyourguide,Paris: Marais Guided Tour Without the Crowds,5,GetYourGuide traveler – United States,,2025-06-24,https://www.getyourguide.com/paris-l16/paris-marais-without-crowds-guided-tour-t629577/,2026-06-17T22:46:08+00:00
getyourguide,Paris: Marais Guided Tour Without the Crowds,5,Elizabeth – United States,We loved our tour with Philip! It was wonderful learning all about this beautiful neighborhood. Our teenage kids even loved it. Highly recommend!!,2025-06-24,https://www.getyourguide.com/paris-l16/paris-marais-without-crowds-guided-tour-t629577/,2026-06-17T22:46:08+00:00
getyourguide,Paris: Marais Guided Tour Without the Crowds,4,GetYourGuide traveler – Italy,,2025-06-22,https://www.getyourguide.com/paris-l16/paris-marais-without-crowds-guided-tour-t629577/,2026-06-17T22:46:08+00:00
getyourguide,Paris: Marais Guided Tour Without the Crowds,5,GetYourGuide traveler – Australia,,2025-06-21,https://www.getyourguide.com/paris-l16/paris-marais-without-crowds-guided-tour-t629577/,2026-06-17T22:46:08+00:00
getyourguide,Paris: Marais Guided Tour Without the Crowds,5,Mavis – United Kingdom,It was great and the time went quickly. Loved that it was a small group and the guide Liza was quite knowledgeable and passionate about history. Will definitely recommend.,2025-06-20,https://www.getyourguide.com/paris-l16/paris-marais-without-crowds-guided-tour-t629577/,2026-06-17T22:46:08+00:00
getyourguide,Paris: Marais Guided Tour Without the Crowds,5,David – United States,,2025-06-19,https://www.getyourguide.com/paris-l16/paris-marais-without-crowds-guided-tour-t629577/,2026-06-17T22:46:08+00:00
getyourguide,Paris: Marais Guided Tour Without the Crowds,5,GetYourGuide traveler – United States,I can’t remember the name of our guide. He arrived on his bike. He lives in the suburbs and comes to the Marais to work and have fun with friends when he’s off. He’s very knowledgeable about art history and architecture. He has a good sense of humor and is very enthusiastic. He’s an excellent guide.,2025-06-16,https://www.getyourguide.com/paris-l16/paris-marais-without-crowds-guided-tour-t629577/,2026-06-17T22:46:08+00:00
getyourguide,Paris: Marais Guided Tour Without the Crowds,4,GetYourGuide traveler – France,Très intéressant,2025-06-16,https://www.getyourguide.com/paris-l16/paris-marais-without-crowds-guided-tour-t629577/,2026-06-17T22:46:08+00:00
getyourguide,Paris: Marais Guided Tour Without the Crowds,5,Heike – Germany,,2025-06-16,https://www.getyourguide.com/paris-l16/paris-marais-without-crowds-guided-tour-t629577/,2026-06-17T22:46:08+00:00
getyourguide,Paris: Marais Guided Tour Without the Crowds,5,Mary – Australia,Our guide Max was so knowledgeable.. did not rush the tour and answered all our questions,2025-06-14,https://www.getyourguide.com/paris-l16/paris-marais-without-crowds-guided-tour-t629577/,2026-06-17T22:46:08+00:00
getyourguide,Paris: Marais Guided Tour Without the Crowds,5,Roshni – India,Edmund was an amazing guide. The tour was extremely enjoyable with fun anecdotes and stories. Would highly recommend!,2025-06-13,https://www.getyourguide.com/paris-l16/paris-marais-without-crowds-guided-tour-t629577/,2026-06-17T22:46:08+00:00
getyourguide,Paris: Marais Guided Tour Without the Crowds,5,Diane – United States,,2025-06-12,https://www.getyourguide.com/paris-l16/paris-marais-without-crowds-guided-tour-t629577/,2026-06-17T22:46:08+00:00
getyourguide,Paris: Marais Guided Tour Without the Crowds,5,Philipp – Germany,,2025-06-10,https://www.getyourguide.com/paris-l16/paris-marais-without-crowds-guided-tour-t629577/,2026-06-17T22:46:08+00:00
getyourguide,Paris: Marais Guided Tour Without the Crowds,5,Regina – United States,Gerrit was a GREAT tour guide. He really knew his subject. The tour was an interesting view into a part of Paris I had never heard of before... I recommend this tour!!!,2025-06-09,https://www.getyourguide.com/paris-l16/paris-marais-without-crowds-guided-tour-t629577/,2026-06-17T22:46:08+00:00
getyourguide,Paris: Marais Guided Tour Without the Crowds,5,Naziha – France,,2025-06-09,https://www.getyourguide.com/paris-l16/paris-marais-without-crowds-guided-tour-t629577/,2026-06-17T22:46:08+00:00
getyourguide,Paris: Marais Guided Tour Without the Crowds,5,Jenny – United States,This was a great tour. Guide was lovely and knowledgeable.,2025-06-08,https://www.getyourguide.com/paris-l16/paris-marais-without-crowds-guided-tour-t629577/,2026-06-17T22:46:08+00:00
getyourguide,Paris: Marais Guided Tour Without the Crowds,5,GetYourGuide traveler – Australia,,2025-06-05,https://www.getyourguide.com/paris-l16/paris-marais-without-crowds-guided-tour-t629577/,2026-06-17T22:46:08+00:00
getyourguide,Paris: Marais Guided Tour Without the Crowds,5,Deborah – Australia,,2025-06-04,https://www.getyourguide.com/paris-l16/paris-marais-without-crowds-guided-tour-t629577/,2026-06-17T22:46:08+00:00
getyourguide,Paris: Marais Guided Tour Without the Crowds,5,Julie – United States,,2025-06-04,https://www.getyourguide.com/paris-l16/paris-marais-without-crowds-guided-tour-t629577/,2026-06-17T22:46:08+00:00
getyourguide,Paris: Marais Guided Tour Without the Crowds,5,GetYourGuide traveler – Canada,,2025-06-03,https://www.getyourguide.com/paris-l16/paris-marais-without-crowds-guided-tour-t629577/,2026-06-17T22:46:08+00:00
getyourguide,Paris: Marais Guided Tour Without the Crowds,5,Janice – Canada,"Our guide was delightful! She made it a meaningful experience, she was positive, light hearted and knowledgeable.",2025-06-03,https://www.getyourguide.com/paris-l16/paris-marais-without-crowds-guided-tour-t629577/,2026-06-17T22:46:08+00:00
getyourguide,Paris: Marais Guided Tour Without the Crowds,5,GetYourGuide traveler – United States,,2025-06-03,https://www.getyourguide.com/paris-l16/paris-marais-without-crowds-guided-tour-t629577/,2026-06-17T22:46:08+00:00
getyourguide,Paris: Marais Guided Tour Without the Crowds,5,Jackie – United States,Victoria was an amazing guide! We learned so much about the Marais. ❤️,2025-06-03,https://www.getyourguide.com/paris-l16/paris-marais-without-crowds-guided-tour-t629577/,2026-06-17T22:46:08+00:00
getyourguide,Paris: Marais Guided Tour Without the Crowds,5,GetYourGuide traveler – Portugal,,2025-06-02,https://www.getyourguide.com/paris-l16/paris-marais-without-crowds-guided-tour-t629577/,2026-06-17T22:46:08+00:00
getyourguide,Paris: Marais Guided Tour Without the Crowds,5,GetYourGuide traveler – Germany,"Sehr interessante Pfade, hätten diese alleine nicht entdeckt.",2025-06-02,https://www.getyourguide.com/paris-l16/paris-marais-without-crowds-guided-tour-t629577/,2026-06-17T22:46:08+00:00
getyourguide,Paris: Marais Guided Tour Without the Crowds,5,Vinouse – France,"GUIDE EXTRA, Max n'a pas été avare de petites histoires sur le Marais. superbe visite.",2025-06-01,https://www.getyourguide.com/paris-l16/paris-marais-without-crowds-guided-tour-t629577/,2026-06-17T22:46:08+00:00
getyourguide,Paris: Marais Guided Tour Without the Crowds,4,Annemiek – Netherlands,Leuke indruk van Le Marais,2025-06-01,https://www.getyourguide.com/paris-l16/paris-marais-without-crowds-guided-tour-t629577/,2026-06-17T22:46:08+00:00
getyourguide,Paris: Marais Guided Tour Without the Crowds,5,Brid – Ireland,Leo our guide was lovely and gave an excellent history of the Marais area.,2025-05-30,https://www.getyourguide.com/paris-l16/paris-marais-without-crowds-guided-tour-t629577/,2026-06-17T22:46:08+00:00
getyourguide,Paris: Marais Guided Tour Without the Crowds,5,Karen – United Kingdom,The tour with Max was brilliant- really enjoyed it! Very interesting and learned a lot about Marais and Paris in general. Would recommend!,2025-05-28,https://www.getyourguide.com/paris-l16/paris-marais-without-crowds-guided-tour-t629577/,2026-06-17T22:46:08+00:00
getyourguide,Paris: Marais Guided Tour Without the Crowds,3,GetYourGuide traveler – United Kingdom,could explore new area,2025-05-27,https://www.getyourguide.com/paris-l16/paris-marais-without-crowds-guided-tour-t629577/,2026-06-17T22:46:08+00:00
getyourguide,Paris: Marais Guided Tour Without the Crowds,3,GetYourGuide traveler – United States,Marais is beautiful Glad we went Our guide didn’t speak clearly or loud enough; referred to a Micah as a swimming pool and her history was innacurate.,2025-05-27,https://www.getyourguide.com/paris-l16/paris-marais-without-crowds-guided-tour-t629577/,2026-06-17T22:46:08+00:00
getyourguide,Paris: Marais Guided Tour Without the Crowds,5,Anne – Germany,,2025-05-25,https://www.getyourguide.com/paris-l16/paris-marais-without-crowds-guided-tour-t629577/,2026-06-17T22:46:08+00:00
getyourguide,Paris: Marais Guided Tour Without the Crowds,5,GetYourGuide traveler – United States,Tour was fun and informative Guide was excellent and would recommend to anyone that would like to know about the history of Le Marais Thank you!,2025-05-25,https://www.getyourguide.com/paris-l16/paris-marais-without-crowds-guided-tour-t629577/,2026-06-17T22:46:08+00:00
getyourguide,Paris: Marais Guided Tour Without the Crowds,5,GetYourGuide traveler – Germany,"Der Tourguide hat die Geschichte um le Marais spannend und sehr umfangreich erklärt, ohne trocken zu sein.",2025-05-24,https://www.getyourguide.com/paris-l16/paris-marais-without-crowds-guided-tour-t629577/,2026-06-17T22:46:08+00:00
getyourguide,Paris: Marais Guided Tour Without the Crowds,5,GetYourGuide traveler – Canada,,2025-05-24,https://www.getyourguide.com/paris-l16/paris-marais-without-crowds-guided-tour-t629577/,2026-06-17T22:46:08+00:00
getyourguide,Paris: Marais Guided Tour Without the Crowds,5,Rose – Poland,"Max paced the informative tour well, adding humour and fun! We loved it and will recommend it to our Australian friends visiting Paris. Thanks again Max",2025-05-24,https://www.getyourguide.com/paris-l16/paris-marais-without-crowds-guided-tour-t629577/,2026-06-17T22:46:08+00:00
getyourguide,Paris: Marais Guided Tour Without the Crowds,5,Iordan – Bulgaria,"Excellent tour! Our guide, Achille, was top of the top - genuine local, with so much interesting stories and information, cute and charming! He really loves that part of the city of Paris and after the tour we also love Marais! Thank you, Achille!",2025-05-23,https://www.getyourguide.com/paris-l16/paris-marais-without-crowds-guided-tour-t629577/,2026-06-17T22:46:08+00:00
getyourguide,Paris: Marais Guided Tour Without the Crowds,5,Margi – France,"Achille was informative, and so personable. We enjoyed our walk so much so it was hard to say goodbye",2025-05-23,https://www.getyourguide.com/paris-l16/paris-marais-without-crowds-guided-tour-t629577/,2026-06-17T22:46:08+00:00
getyourguide,Paris: Marais Guided Tour Without the Crowds,5,David – United States,We had a fabulous tour guide who knew a great deal about the history of the Marais (I wish I remembered his name - it was on May 14th). There were only 5 people on the tour which was great. He was extremely knowledgeable and answered all of our questions.,2025-05-22,https://www.getyourguide.com/paris-l16/paris-marais-without-crowds-guided-tour-t629577/,2026-06-17T22:46:08+00:00
getyourguide,Paris: Marais Guided Tour Without the Crowds,5,liz – United Kingdom,"Brennon was an excellent guide, taking us round a fascinating area of Paris that is off the beaten track but full of history and amazing characters and their storys. Well worth a visit and would definitely do this again if back in Paris, so much to see and hear about",2025-05-22,https://www.getyourguide.com/paris-l16/paris-marais-without-crowds-guided-tour-t629577/,2026-06-17T22:46:08+00:00
getyourguide,Paris: Marais Guided Tour Without the Crowds,5,GetYourGuide traveler – Switzerland,,2025-05-21,https://www.getyourguide.com/paris-l16/paris-marais-without-crowds-guided-tour-t629577/,2026-06-17T22:46:08+00:00
getyourguide,Paris: Marais Guided Tour Without the Crowds,5,Mark – Australia,"Excellent, Max was knowledgeable informative and entertaining. Learnt a lot about the history of the Marais as well as contemporary galleries shops and eating options. Good pace for a first morning in Paris. Mark",2025-05-20,https://www.getyourguide.com/paris-l16/paris-marais-without-crowds-guided-tour-t629577/,2026-06-17T22:46:08+00:00
getyourguide,Paris: Marais Guided Tour Without the Crowds,5,Thais – Brazil,Max was great!,2025-05-20,https://www.getyourguide.com/paris-l16/paris-marais-without-crowds-guided-tour-t629577/,2026-06-17T22:46:08+00:00
getyourguide,Paris: Marais Guided Tour Without the Crowds,5,GetYourGuide traveler – United States,"Tour guide, Achilles, was terrific!",2025-05-20,https://www.getyourguide.com/paris-l16/paris-marais-without-crowds-guided-tour-t629577/,2026-06-17T22:46:08+00:00
getyourguide,Paris: Marais Guided Tour Without the Crowds,5,Samantha – United Kingdom,Finding out about the history of Paris and life in the Marais.,2025-05-19,https://www.getyourguide.com/paris-l16/paris-marais-without-crowds-guided-tour-t629577/,2026-06-17T22:46:08+00:00
getyourguide,Paris: Marais Guided Tour Without the Crowds,1,GetYourGuide traveler – United States,,2025-05-19,https://www.getyourguide.com/paris-l16/paris-marais-without-crowds-guided-tour-t629577/,2026-06-17T22:46:08+00:00
getyourguide,Paris: Marais Guided Tour Without the Crowds,5,Dipanwita – United Kingdom,,2025-05-19,https://www.getyourguide.com/paris-l16/paris-marais-without-crowds-guided-tour-t629577/,2026-06-17T22:46:08+00:00
getyourguide,Paris: Marais Guided Tour Without the Crowds,5,JAMES – United States,,2025-05-17,https://www.getyourguide.com/paris-l16/paris-marais-without-crowds-guided-tour-t629577/,2026-06-17T22:46:08+00:00
getyourguide,Paris: Marais Guided Tour Without the Crowds,5,GetYourGuide traveler – United States,,2025-05-17,https://www.getyourguide.com/paris-l16/paris-marais-without-crowds-guided-tour-t629577/,2026-06-17T22:46:08+00:00
getyourguide,Paris: Marais Guided Tour Without the Crowds,5,Nicola – Germany,Eine tolle Tour durch das Marais mit einem super Guide. Wir haben viele versteckte Details im Viertel gesehen und gutes Hintergrundwissen bekommen. Vielen Dank ⭐️⭐️⭐️⭐️⭐️,2025-05-14,https://www.getyourguide.com/paris-l16/paris-marais-without-crowds-guided-tour-t629577/,2026-06-17T22:46:08+00:00
getyourguide,Paris: Marais Guided Tour Without the Crowds,5,GetYourGuide traveler – Germany,,2025-05-13,https://www.getyourguide.com/paris-l16/paris-marais-without-crowds-guided-tour-t629577/,2026-06-17T22:46:08+00:00
getyourguide,Paris: Marais Guided Tour Without the Crowds,5,Zina – Israel,,2025-05-08,https://www.getyourguide.com/paris-l16/paris-marais-without-crowds-guided-tour-t629577/,2026-06-17T22:46:08+00:00
getyourguide,Paris: Marais Guided Tour Without the Crowds,5,GetYourGuide traveler – France,"Très intéressant, guide très impliquée, avec un parcours bien préparé, des anecdotes qui rendent les explications très vivantes, elle n'a pas hésité à rallonger la visite pour compléter les explications, à recommander",2025-05-06,https://www.getyourguide.com/paris-l16/paris-marais-without-crowds-guided-tour-t629577/,2026-06-17T22:46:08+00:00
getyourguide,Paris: Marais Guided Tour Without the Crowds,5,GetYourGuide traveler – Germany,,2025-05-06,https://www.getyourguide.com/paris-l16/paris-marais-without-crowds-guided-tour-t629577/,2026-06-17T22:46:08+00:00
getyourguide,Paris: Marais Guided Tour Without the Crowds,3,GetYourGuide traveler – United States,"Liked the area very much, wish more was included in the tour.",2025-05-05,https://www.getyourguide.com/paris-l16/paris-marais-without-crowds-guided-tour-t629577/,2026-06-17T22:46:08+00:00
getyourguide,Paris: Flea Market Insider's Tour in an Extra-Small Group,5,GetYourGuide traveler – United States,The markets are so large and expansive. It was great to have a guide walk us through and help navigate.,2026-06-02,https://www.getyourguide.com/paris-l16/paris-flea-market-insider-s-tour-extra-small-group-tour-t16624/,2026-06-17T22:46:08+00:00
getyourguide,Paris: Flea Market Insider's Tour in an Extra-Small Group,5,Johanna – United States,,2026-05-12,https://www.getyourguide.com/paris-l16/paris-flea-market-insider-s-tour-extra-small-group-tour-t16624/,2026-06-17T22:46:08+00:00
getyourguide,Paris: Flea Market Insider's Tour in an Extra-Small Group,5,GetYourGuide traveler – United States,We had very limited time and our guide Hela was exceptional! Thank you!,2026-03-17,https://www.getyourguide.com/paris-l16/paris-flea-market-insider-s-tour-extra-small-group-tour-t16624/,2026-06-17T22:46:08+00:00
getyourguide,Paris: Flea Market Insider's Tour in an Extra-Small Group,5,Nancy – Netherlands,Helemaal top!!! Dankjewel Dominique!!!,2026-02-21,https://www.getyourguide.com/paris-l16/paris-flea-market-insider-s-tour-extra-small-group-tour-t16624/,2026-06-17T22:46:08+00:00
getyourguide,Paris: Flea Market Insider's Tour in an Extra-Small Group,5,GetYourGuide traveler – United States,,2026-01-26,https://www.getyourguide.com/paris-l16/paris-flea-market-insider-s-tour-extra-small-group-tour-t16624/,2026-06-17T22:46:08+00:00
getyourguide,Paris: Flea Market Insider's Tour in an Extra-Small Group,5,Brian – United States,"Flo was amazing. She was so helpful and attentive. She customized the tour based on everyone's needs. It was a great personalized experience from someone that knew the vendors well, and was knowledgeable about the area. It provided the insider scoop to help navigate what would have otherwise been an overwhelming experience.",2026-01-21,https://www.getyourguide.com/paris-l16/paris-flea-market-insider-s-tour-extra-small-group-tour-t16624/,2026-06-17T22:46:08+00:00
getyourguide,Paris: Flea Market Insider's Tour in an Extra-Small Group,5,Jolie – United States,The Paris flea market would have been so overwhelming if we tried to manage it on our own for the first time. This tour was the perfect introduction. Just enough time to get acquainted with the overall layout and pointed in the right direction. Definitely worth it.,2025-11-25,https://www.getyourguide.com/paris-l16/paris-flea-market-insider-s-tour-extra-small-group-tour-t16624/,2026-06-17T22:46:08+00:00
getyourguide,Paris: Flea Market Insider's Tour in an Extra-Small Group,5,GetYourGuide traveler – United States,,2025-11-18,https://www.getyourguide.com/paris-l16/paris-flea-market-insider-s-tour-extra-small-group-tour-t16624/,2026-06-17T22:46:08+00:00
getyourguide,Paris: Flea Market Insider's Tour in an Extra-Small Group,2,Rebecca – United States,We found the tour to be below average and the group of 12 to be larger than expected. The guidance and historical information were minimal. I think we paid too much for the tour and would reconsider booking this one.,2025-10-21,https://www.getyourguide.com/paris-l16/paris-flea-market-insider-s-tour-extra-small-group-tour-t16624/,2026-06-17T22:46:08+00:00
getyourguide,Paris: Flea Market Insider's Tour in an Extra-Small Group,5,Cynthia – United States,,2025-10-21,https://www.getyourguide.com/paris-l16/paris-flea-market-insider-s-tour-extra-small-group-tour-t16624/,2026-06-17T22:46:08+00:00
getyourguide,Paris: Flea Market Insider's Tour in an Extra-Small Group,5,Bonnita – Australia,"Our guide, Tobias, was great! He checked for our areas of interest, and helped us to spot treasures and negotiate good deals on our purchases. The markets are so widespread and varied, I doubt I would have found my way to what I wanted to see, without expert guidance. It was also a really fun and interesting day out.",2025-10-05,https://www.getyourguide.com/paris-l16/paris-flea-market-insider-s-tour-extra-small-group-tour-t16624/,2026-06-17T22:46:08+00:00
getyourguide,Paris: Flea Market Insider's Tour in an Extra-Small Group,5,GetYourGuide traveler – United States,,2025-09-27,https://www.getyourguide.com/paris-l16/paris-flea-market-insider-s-tour-extra-small-group-tour-t16624/,2026-06-17T22:46:08+00:00
getyourguide,Paris: Flea Market Insider's Tour in an Extra-Small Group,5,James – United States,Great overview of the flea market with advice on specific items we were searching for.,2025-09-20,https://www.getyourguide.com/paris-l16/paris-flea-market-insider-s-tour-extra-small-group-tour-t16624/,2026-06-17T22:46:08+00:00
getyourguide,Paris: Flea Market Insider's Tour in an Extra-Small Group,5,Meredith – United States,Floriane was a wonderful guide around the market. She explained the different areas and directed us to a few vendors based on our interest. I came with a few items in mind and she helped us locate them in the market. She also helped us find deals. One item I saw later triple the price of what I paid.,2025-09-06,https://www.getyourguide.com/paris-l16/paris-flea-market-insider-s-tour-extra-small-group-tour-t16624/,2026-06-17T22:46:08+00:00
getyourguide,Paris: Flea Market Insider's Tour in an Extra-Small Group,5,Chrissa – United States,"We had a fantastic time touring the flea market and our guide, Flo, was fantastic. She took our small group around and we found everything we were looking for! Thank you for a great time.",2025-09-06,https://www.getyourguide.com/paris-l16/paris-flea-market-insider-s-tour-extra-small-group-tour-t16624/,2026-06-17T22:46:08+00:00
getyourguide,Paris: Flea Market Insider's Tour in an Extra-Small Group,5,Lesley – New Zealand,Tobias was great,2025-08-09,https://www.getyourguide.com/paris-l16/paris-flea-market-insider-s-tour-extra-small-group-tour-t16624/,2026-06-17T22:46:08+00:00
getyourguide,Paris: Flea Market Insider's Tour in an Extra-Small Group,5,GetYourGuide traveler – Canada,,2025-07-02,https://www.getyourguide.com/paris-l16/paris-flea-market-insider-s-tour-extra-small-group-tour-t16624/,2026-06-17T22:46:08+00:00
getyourguide,Paris: Flea Market Insider's Tour in an Extra-Small Group,5,Ann – United States,"Hella was an excellent guide who was very knowledgeable about the flea market, Paris in general, and historical Paris. We had a great time with her and learned a lot! She took us to some wonderful stands and we went back after the tour to purchase unique treasures.",2025-06-26,https://www.getyourguide.com/paris-l16/paris-flea-market-insider-s-tour-extra-small-group-tour-t16624/,2026-06-17T22:46:08+00:00
getyourguide,Paris: Flea Market Insider's Tour in an Extra-Small Group,4,Suzi – United States,,2025-06-21,https://www.getyourguide.com/paris-l16/paris-flea-market-insider-s-tour-extra-small-group-tour-t16624/,2026-06-17T22:46:08+00:00
getyourguide,Paris: Flea Market Insider's Tour in an Extra-Small Group,5,Natasha – United States,"Phillip was our guide today. We had a fantastic time learning about one of the largest flea markets in the world. I expected it to be good, but it was above good more like outstandingly insightful, full of discoveries, in great company. We plan to schedule this tour again when we are back in Paris and we recommend asking for Phillip specifically.",2025-06-08,https://www.getyourguide.com/paris-l16/paris-flea-market-insider-s-tour-extra-small-group-tour-t16624/,2026-06-17T22:46:08+00:00
getyourguide,Paris: Flea Market Insider's Tour in an Extra-Small Group,5,Martin – United States,"Our guide Miriam was excellent. She was funny, knowledgeable, and provided good history of the area. We enjoyed the tour very much.",2025-04-27,https://www.getyourguide.com/paris-l16/paris-flea-market-insider-s-tour-extra-small-group-tour-t16624/,2026-06-17T22:46:08+00:00
getyourguide,Paris: Flea Market Insider's Tour in an Extra-Small Group,5,GetYourGuide traveler – India,,2025-04-13,https://www.getyourguide.com/paris-l16/paris-flea-market-insider-s-tour-extra-small-group-tour-t16624/,2026-06-17T22:46:08+00:00
getyourguide,Paris: Flea Market Insider's Tour in an Extra-Small Group,5,GetYourGuide traveler – Oman,,2025-04-07,https://www.getyourguide.com/paris-l16/paris-flea-market-insider-s-tour-extra-small-group-tour-t16624/,2026-06-17T22:46:08+00:00
getyourguide,Paris: Flea Market Insider's Tour in an Extra-Small Group,5,Jennifer – United States,,2025-04-02,https://www.getyourguide.com/paris-l16/paris-flea-market-insider-s-tour-extra-small-group-tour-t16624/,2026-06-17T22:46:08+00:00
getyourguide,Paris: Flea Market Insider's Tour in an Extra-Small Group,5,Lily – United States,,2025-03-25,https://www.getyourguide.com/paris-l16/paris-flea-market-insider-s-tour-extra-small-group-tour-t16624/,2026-06-17T22:46:08+00:00
getyourguide,Paris: Flea Market Insider's Tour in an Extra-Small Group,5,Dorit – Germany,Sehr gut geführte Tour. Informativ und sehr interessant! Trotz der kleinen Gruppe hat Florine versucht auch auf individuelle Wünsche einzugehen!,2025-03-24,https://www.getyourguide.com/paris-l16/paris-flea-market-insider-s-tour-extra-small-group-tour-t16624/,2026-06-17T22:46:08+00:00
getyourguide,Paris: Flea Market Insider's Tour in an Extra-Small Group,5,Annette – United States,"Our guide Hella, I hope I spelled that correctly, was fabulous. She not only showed us the vendors selling the items we were hunting but also gave us a great history lesson on the flea market itself. She expertly advised us on locations to avoid and helped us find vendors that we could be confident in regarding authenticity of our purchases. The first time I visited St Ouen I was overwhelmed and left after only walking through the Dauphine area, now after exploring with Hella I am looking forward to returning and spending a couple of days hunting for treasures!",2025-03-05,https://www.getyourguide.com/paris-l16/paris-flea-market-insider-s-tour-extra-small-group-tour-t16624/,2026-06-17T22:46:08+00:00
getyourguide,Paris: Flea Market Insider's Tour in an Extra-Small Group,3,GetYourGuide traveler – Austria,,2025-02-11,https://www.getyourguide.com/paris-l16/paris-flea-market-insider-s-tour-extra-small-group-tour-t16624/,2026-06-17T22:46:08+00:00
getyourguide,Paris: Flea Market Insider's Tour in an Extra-Small Group,5,GetYourGuide traveler – United Kingdom,Very informative and welcoming,2025-02-10,https://www.getyourguide.com/paris-l16/paris-flea-market-insider-s-tour-extra-small-group-tour-t16624/,2026-06-17T22:46:08+00:00
getyourguide,Paris: Flea Market Insider's Tour in an Extra-Small Group,5,Erica – United States,,2025-01-26,https://www.getyourguide.com/paris-l16/paris-flea-market-insider-s-tour-extra-small-group-tour-t16624/,2026-06-17T22:46:08+00:00
getyourguide,Paris: Flea Market Insider's Tour in an Extra-Small Group,5,Fred – United States,,2025-01-08,https://www.getyourguide.com/paris-l16/paris-flea-market-insider-s-tour-extra-small-group-tour-t16624/,2026-06-17T22:46:08+00:00
getyourguide,Paris: Flea Market Insider's Tour in an Extra-Small Group,2,GetYourGuide traveler – Turkey,,2024-12-14,https://www.getyourguide.com/paris-l16/paris-flea-market-insider-s-tour-extra-small-group-tour-t16624/,2026-06-17T22:46:08+00:00
getyourguide,Paris: Flea Market Insider's Tour in an Extra-Small Group,1,GetYourGuide traveler – United States,,2024-12-03,https://www.getyourguide.com/paris-l16/paris-flea-market-insider-s-tour-extra-small-group-tour-t16624/,2026-06-17T22:46:08+00:00
getyourguide,Paris: Flea Market Insider's Tour in an Extra-Small Group,5,Allyson – United States,What a fabulous experience! I would never have had the courage to experience the flea markets on my own if not for this wonderful tour! The guide was beyond wonderful sharing all the various markets that could have been missed if not for a professional market shopper. One of my best experiences and Paris! I am a travel advisor and I highly recommend this tour!,2024-10-14,https://www.getyourguide.com/paris-l16/paris-flea-market-insider-s-tour-extra-small-group-tour-t16624/,2026-06-17T22:46:08+00:00
getyourguide,Paris: Flea Market Insider's Tour in an Extra-Small Group,5,GetYourGuide traveler – United Arab Emirates,Excellent walk with the guide.,2024-09-26,https://www.getyourguide.com/paris-l16/paris-flea-market-insider-s-tour-extra-small-group-tour-t16624/,2026-06-17T22:46:08+00:00
getyourguide,Paris: Flea Market Insider's Tour in an Extra-Small Group,5,Karen Elizabeth – United States,"Great introduction to the flea market, giving us pointers to avoid the knock offs and scams and enjoy the real places to explore.",2024-09-20,https://www.getyourguide.com/paris-l16/paris-flea-market-insider-s-tour-extra-small-group-tour-t16624/,2026-06-17T22:46:08+00:00
getyourguide,Paris: Flea Market Insider's Tour in an Extra-Small Group,5,GetYourGuide traveler – United States,,2024-08-25,https://www.getyourguide.com/paris-l16/paris-flea-market-insider-s-tour-extra-small-group-tour-t16624/,2026-06-17T22:46:08+00:00
getyourguide,Paris: Flea Market Insider's Tour in an Extra-Small Group,2,GetYourGuide traveler – United States,,2024-06-13,https://www.getyourguide.com/paris-l16/paris-flea-market-insider-s-tour-extra-small-group-tour-t16624/,2026-06-17T22:46:08+00:00
getyourguide,Paris: Flea Market Insider's Tour in an Extra-Small Group,5,GetYourGuide traveler – United States,"We covered a lot of ground in a couple of hours. Our guide made a point to visit each area our group was interested in. She even negotiated down the price of items we bought. She moved at a great pace to allow for browsing, buying, and covering a huge area of the market. Also, she gave us great recommendations for places to have lunch.",2024-05-31,https://www.getyourguide.com/paris-l16/paris-flea-market-insider-s-tour-extra-small-group-tour-t16624/,2026-06-17T22:46:08+00:00
getyourguide,Paris: Flea Market Insider's Tour in an Extra-Small Group,5,GetYourGuide traveler – United States,,2024-05-18,https://www.getyourguide.com/paris-l16/paris-flea-market-insider-s-tour-extra-small-group-tour-t16624/,2026-06-17T22:46:08+00:00
getyourguide,Paris: Flea Market Insider's Tour in an Extra-Small Group,5,GetYourGuide traveler – Germany,,2024-05-12,https://www.getyourguide.com/paris-l16/paris-flea-market-insider-s-tour-extra-small-group-tour-t16624/,2026-06-17T22:46:08+00:00
getyourguide,Paris: Flea Market Insider's Tour in an Extra-Small Group,5,GetYourGuide traveler – United States,"The tour was great! I do feel as if it was a little rushed. I appreciated the guide wanting to walk us through all of the markets and giving us the lay of the land - but it did make it feel awkward when you wanted to explore an area more but felt like you needed to move on. Would have preferred either a tour to each market with free time at each one, or a quicker walking tour through the whole market so we would have had energy at the end to go back to stalls/vendors - it felt too long and somehow also too rushed how it was set up. HOWEVER, we never would have been able to navigate to it or through it on our own. It was also very informative and insightful. All in all I would recommend this tour but would want folks to level set what sort of experience they might have!",2024-04-29,https://www.getyourguide.com/paris-l16/paris-flea-market-insider-s-tour-extra-small-group-tour-t16624/,2026-06-17T22:46:08+00:00
getyourguide,Paris: Flea Market Insider's Tour in an Extra-Small Group,5,GetYourGuide traveler – Ireland,,2024-04-28,https://www.getyourguide.com/paris-l16/paris-flea-market-insider-s-tour-extra-small-group-tour-t16624/,2026-06-17T22:46:08+00:00
getyourguide,Paris: Flea Market Insider's Tour in an Extra-Small Group,5,Carol – United States,"Our guide was thoughtful, organized,spoke English very well and encouraged my clumsy French :) Gave us a great overview of the market. Was a delight!",2024-04-25,https://www.getyourguide.com/paris-l16/paris-flea-market-insider-s-tour-extra-small-group-tour-t16624/,2026-06-17T22:46:08+00:00
getyourguide,Paris: Flea Market Insider's Tour in an Extra-Small Group,1,GetYourGuide traveler – United States,Description of this activity is misleading. Guide just walks around the market and spouts random facts of little interest to general public. No water provided or any service beyond following some random around and not being afforded any time to look or shop. Complete and utter waste of time and money. In no world is this worth the price.,2024-03-30,https://www.getyourguide.com/paris-l16/paris-flea-market-insider-s-tour-extra-small-group-tour-t16624/,2026-06-17T22:46:08+00:00
getyourguide,Paris: Flea Market Insider's Tour in an Extra-Small Group,5,Gabriele – Italy,,2024-03-05,https://www.getyourguide.com/paris-l16/paris-flea-market-insider-s-tour-extra-small-group-tour-t16624/,2026-06-17T22:46:08+00:00
getyourguide,Paris: Flea Market Insider's Tour in an Extra-Small Group,5,Chelsea – United States,We had a wonderful time on our tour. So fun to experience the markets and learn the ropes. Our guide was amazing as well. Found some great treasures along the way. Highly recommend!,2024-02-28,https://www.getyourguide.com/paris-l16/paris-flea-market-insider-s-tour-extra-small-group-tour-t16624/,2026-06-17T22:46:08+00:00
getyourguide,Paris: Flea Market Insider's Tour in an Extra-Small Group,4,Joey – United States,,2024-02-20,https://www.getyourguide.com/paris-l16/paris-flea-market-insider-s-tour-extra-small-group-tour-t16624/,2026-06-17T22:46:08+00:00
getyourguide,Paris: Flea Market Insider's Tour in an Extra-Small Group,4,GetYourGuide traveler – United States,"I enjoyed Tobias and my fellow travelers. Would have liked more insight into making the most of the market experience. More inside knowledge, so to speak. But for a small group tour at this price, I am happy with what I received.",2024-02-12,https://www.getyourguide.com/paris-l16/paris-flea-market-insider-s-tour-extra-small-group-tour-t16624/,2026-06-17T22:46:08+00:00
getyourguide,Paris: Flea Market Insider's Tour in an Extra-Small Group,5,Kathryn – Canada,It was perfect!!!! Loved it,2024-02-12,https://www.getyourguide.com/paris-l16/paris-flea-market-insider-s-tour-extra-small-group-tour-t16624/,2026-06-17T22:46:08+00:00
getyourguide,Paris: Flea Market Insider's Tour in an Extra-Small Group,5,GetYourGuide traveler – United States,,2024-02-11,https://www.getyourguide.com/paris-l16/paris-flea-market-insider-s-tour-extra-small-group-tour-t16624/,2026-06-17T22:46:08+00:00
getyourguide,Paris: Flea Market Insider's Tour in an Extra-Small Group,5,GetYourGuide traveler – United States,,2023-12-18,https://www.getyourguide.com/paris-l16/paris-flea-market-insider-s-tour-extra-small-group-tour-t16624/,2026-06-17T22:46:08+00:00
getyourguide,Paris: Flea Market Insider's Tour in an Extra-Small Group,5,Alison – Australia,Had an amazing day - the tour guide was excellent,2023-12-17,https://www.getyourguide.com/paris-l16/paris-flea-market-insider-s-tour-extra-small-group-tour-t16624/,2026-06-17T22:46:08+00:00
getyourguide,Paris: Flea Market Insider's Tour in an Extra-Small Group,5,GetYourGuide traveler – United States,Personal touch,2023-11-28,https://www.getyourguide.com/paris-l16/paris-flea-market-insider-s-tour-extra-small-group-tour-t16624/,2026-06-17T22:46:08+00:00
getyourguide,Paris: Flea Market Insider's Tour in an Extra-Small Group,5,Jess – France,"Absolutely wonderful experience with Floriane, she is so warm and friendly. The flea market is a treasure trove, highly recommend this experience to see a different side of Paris!",2023-10-29,https://www.getyourguide.com/paris-l16/paris-flea-market-insider-s-tour-extra-small-group-tour-t16624/,2026-06-17T22:46:08+00:00
getyourguide,Paris: Flea Market Insider's Tour in an Extra-Small Group,5,GetYourGuide traveler – Australia,A great tour of the markets with some good tips on where to go for specific items and also what to avoid.,2023-10-08,https://www.getyourguide.com/paris-l16/paris-flea-market-insider-s-tour-extra-small-group-tour-t16624/,2026-06-17T22:46:08+00:00
getyourguide,Paris: Flea Market Insider's Tour in an Extra-Small Group,4,GetYourGuide traveler – Austria,,2023-08-20,https://www.getyourguide.com/paris-l16/paris-flea-market-insider-s-tour-extra-small-group-tour-t16624/,2026-06-17T22:46:08+00:00
getyourguide,Paris: Flea Market Insider's Tour in an Extra-Small Group,5,GetYourGuide traveler – France,,2023-07-12,https://www.getyourguide.com/paris-l16/paris-flea-market-insider-s-tour-extra-small-group-tour-t16624/,2026-06-17T22:46:08+00:00
getyourguide,Paris: Flea Market Insider's Tour in an Extra-Small Group,1,GetYourGuide traveler – United States,"The description indicated this was a private tour. There were over 10 people on the tour. The guide walked us through, said a few things. In no way did she indicate to us what was good value or poor value, other than the very obvious. She was very sweet with our children. But we left the tour early as it provided no value to us and felt like a huge waste of our time. We thought our guide was kind but the description of this tour was so misleading that I feel we should get a refund.",2023-07-09,https://www.getyourguide.com/paris-l16/paris-flea-market-insider-s-tour-extra-small-group-tour-t16624/,2026-06-17T22:46:08+00:00
getyourguide,Paris: Flea Market Insider's Tour in an Extra-Small Group,5,Kazuhiro – France,Il est très bon guide. Merci beaucoup,2023-05-08,https://www.getyourguide.com/paris-l16/paris-flea-market-insider-s-tour-extra-small-group-tour-t16624/,2026-06-17T22:46:08+00:00
getyourguide,Paris: Flea Market Insider's Tour in an Extra-Small Group,5,Kelly – United States,,2023-05-07,https://www.getyourguide.com/paris-l16/paris-flea-market-insider-s-tour-extra-small-group-tour-t16624/,2026-06-17T22:46:08+00:00
getyourguide,Paris: Flea Market Insider's Tour in an Extra-Small Group,5,Julia – France,,2023-04-30,https://www.getyourguide.com/paris-l16/paris-flea-market-insider-s-tour-extra-small-group-tour-t16624/,2026-06-17T22:46:08+00:00
getyourguide,Paris: Flea Market Insider's Tour in an Extra-Small Group,5,GetYourGuide traveler – United States,,2023-04-16,https://www.getyourguide.com/paris-l16/paris-flea-market-insider-s-tour-extra-small-group-tour-t16624/,2026-06-17T22:46:08+00:00
getyourguide,Paris: Flea Market Insider's Tour in an Extra-Small Group,5,GetYourGuide traveler – Canada,We were very pleased. We would have been completely lost and missed a lot hadn’t we been shown where to go and what to avoid.,2023-04-09,https://www.getyourguide.com/paris-l16/paris-flea-market-insider-s-tour-extra-small-group-tour-t16624/,2026-06-17T22:46:08+00:00
getyourguide,Paris: Flea Market Insider's Tour in an Extra-Small Group,5,GetYourGuide traveler – United States,Fantastic experience! Tobias was extremely knowlegable and kind. Highly recommend!! The flea market is too overwhelming without a guide!,2023-04-03,https://www.getyourguide.com/paris-l16/paris-flea-market-insider-s-tour-extra-small-group-tour-t16624/,2026-06-17T22:46:08+00:00
getyourguide,Paris: Flea Market Insider's Tour in an Extra-Small Group,5,GetYourGuide traveler – United States,"Tobias was incredibly knowledgeable, patient and willing to customize the experience for us.",2022-10-09,https://www.getyourguide.com/paris-l16/paris-flea-market-insider-s-tour-extra-small-group-tour-t16624/,2026-06-17T22:46:08+00:00
getyourguide,Paris: Flea Market Insider's Tour in an Extra-Small Group,5,GetYourGuide traveler – United States,"Tour guide was the best! He was friendly, fun and very knowledgeable. We had a great time discovering the Paris Flea Market with him. Thank you!",2022-07-11,https://www.getyourguide.com/paris-l16/paris-flea-market-insider-s-tour-extra-small-group-tour-t16624/,2026-06-17T22:46:08+00:00
getyourguide,Paris: Flea Market Insider's Tour in an Extra-Small Group,5,Pola,"By far my favorite tour by an amazing, knowledgeable and extremely friendly tour guide Tobias! Trying to get through that market would’ve been impossible, and there’s a lot of pitfalls before you get there not to mention that it is huge, bigger than any market I’ve ever seen. So finding out what the layout is and the best way to go about it and how you interact with people was key! Tobias is well informed, experienced and insightful. He makes this about your wants for shopping and anticipates your needs. I doubt a better tour guide can be found! I highly recommend him! You will not be disappointed.",2022-01-26,https://www.getyourguide.com/paris-l16/paris-flea-market-insider-s-tour-extra-small-group-tour-t16624/,2026-06-17T22:46:08+00:00
getyourguide,Paris: Flea Market Insider's Tour in an Extra-Small Group,5,GetYourGuide traveler – Germany,,2019-10-07,https://www.getyourguide.com/paris-l16/paris-flea-market-insider-s-tour-extra-small-group-tour-t16624/,2026-06-17T22:46:08+00:00
getyourguide,Paris: Flea Market Insider's Tour in an Extra-Small Group,5,Aline – United States,,2019-07-15,https://www.getyourguide.com/paris-l16/paris-flea-market-insider-s-tour-extra-small-group-tour-t16624/,2026-06-17T22:46:08+00:00
getyourguide,Paris: Flea Market Insider's Tour in an Extra-Small Group,5,Marsha,Had Sean all to myself so he was able to show me a few stalls that has things I was interested in. He did a good job of orienting me and showed several unique features about the various markets. Good value.,2019-03-26,https://www.getyourguide.com/paris-l16/paris-flea-market-insider-s-tour-extra-small-group-tour-t16624/,2026-06-17T22:46:08+00:00
getyourguide,Paris: Flea Market Insider's Tour in an Extra-Small Group,5,Gamze,"Shaun is an eccellent guide with historical facts, entertaining stories and smiling face, thank you so much for loveşy tour",2018-12-31,https://www.getyourguide.com/paris-l16/paris-flea-market-insider-s-tour-extra-small-group-tour-t16624/,2026-06-17T22:46:08+00:00
getyourguide,Paris: Flea Market Insider's Tour in an Extra-Small Group,5,Margaret,,2018-10-01,https://www.getyourguide.com/paris-l16/paris-flea-market-insider-s-tour-extra-small-group-tour-t16624/,2026-06-17T22:46:08+00:00
getyourguide,Paris: Flea Market Insider's Tour in an Extra-Small Group,5,Gabriele,,2018-09-09,https://www.getyourguide.com/paris-l16/paris-flea-market-insider-s-tour-extra-small-group-tour-t16624/,2026-06-17T22:46:08+00:00
getyourguide,Paris: Flea Market Insider's Tour in an Extra-Small Group,5,Georgine,"I got a top notch tour of Marche de Puces. Saw what was important for future return trips and checked off one more ""bucket list"" item. Florant, our guide, was clear and concise. He covered what seemed to me a very large amount of territory in only 2 hours and addressed all the needs of the participants. At the close of the tour I was able to comfortably return to the areas that were important to me and get back to our initial meeting place comfortably. Thanks Florant for sharing your special native knowledge.",2017-03-27,https://www.getyourguide.com/paris-l16/paris-flea-market-insider-s-tour-extra-small-group-tour-t16624/,2026-06-17T22:46:08+00:00
getyourguide,Paris: Flea Market Insider's Tour in an Extra-Small Group,5,Walid,"We booked a flea market tour for Saturday March 16th. Our tour-guide Bertrand was on-time, easy-going and spoke excellent english. He was not in a rush and very knowledgeable. Highly recommended",2013-03-18,https://www.getyourguide.com/paris-l16/paris-flea-market-insider-s-tour-extra-small-group-tour-t16624/,2026-06-17T22:46:08+00:00
getyourguide,Paris for Art Lovers: Montmartre and Renoir’s Gardens,5,Tove – Sweden,"Guiden Matthew berättade hängivet och personligt om Montmarters byggnader, historia, arkitektur, filmer, konstnärernas liv. Mycket intressant! Hälsningar Tove och Erling",2025-05-03,https://www.getyourguide.com/paris-l16/paris-for-art-lovers-montmartre-and-renoir-s-gardens-t715113/,2026-06-17T22:46:08+00:00
getyourguide,Paris: Evening at Montmartre with a Local Guide,5,GetYourGuide traveler – United States,Awesome tour and Annie was a fantastic guide. Saw areas of Paris I’d never visited before and learned a tremendous amount of history.,2026-06-16,https://www.getyourguide.com/paris-l16/paris-montmartre-at-twilight-tour-with-a-local-guide-t1288952/,2026-06-17T22:46:08+00:00
getyourguide,Paris: Evening at Montmartre with a Local Guide,5,Heather – United States,,2026-06-14,https://www.getyourguide.com/paris-l16/paris-montmartre-at-twilight-tour-with-a-local-guide-t1288952/,2026-06-17T22:46:08+00:00
getyourguide,Paris: Evening at Montmartre with a Local Guide,3,Yasmin – Israel,,2026-06-08,https://www.getyourguide.com/paris-l16/paris-montmartre-at-twilight-tour-with-a-local-guide-t1288952/,2026-06-17T22:46:08+00:00
getyourguide,Paris: Evening at Montmartre with a Local Guide,5,Juliet – United Kingdom,Fantastic,2026-06-04,https://www.getyourguide.com/paris-l16/paris-montmartre-at-twilight-tour-with-a-local-guide-t1288952/,2026-06-17T22:46:08+00:00
getyourguide,Paris: Evening at Montmartre with a Local Guide,5,GetYourGuide traveler – Germany,Sehr freundlich und kompetent. War eine entspannte Führung.,2026-05-27,https://www.getyourguide.com/paris-l16/paris-montmartre-at-twilight-tour-with-a-local-guide-t1288952/,2026-06-17T22:46:08+00:00
getyourguide,Paris: Evening at Montmartre with a Local Guide,5,GetYourGuide traveler – Germany,Sehr schön Tour. Guide war sehr ortskundig und hat die Tour interessant gestaltet.,2026-05-26,https://www.getyourguide.com/paris-l16/paris-montmartre-at-twilight-tour-with-a-local-guide-t1288952/,2026-06-17T22:46:08+00:00
getyourguide,Paris: Evening at Montmartre with a Local Guide,5,Malka – Azerbaijan,"Было интересно, гид увлекательно рассказывала .",2026-05-14,https://www.getyourguide.com/paris-l16/paris-montmartre-at-twilight-tour-with-a-local-guide-t1288952/,2026-06-17T22:46:08+00:00
getyourguide,Paris: Evening at Montmartre with a Local Guide,5,GetYourGuide traveler – Poland,,2026-05-02,https://www.getyourguide.com/paris-l16/paris-montmartre-at-twilight-tour-with-a-local-guide-t1288952/,2026-06-17T22:46:08+00:00
getyourguide,Places Parisians Love - Classic Treasures and Hidden Gems,5,Kirsten – Germany,"Mir hat sehr gut gefallen das die Gruppe klein war und man dadurch alles gut mitbekommen hat. Die gezeigten Plätze waren toll, die Orte lagen nah zusammen, die Geschichten waren sehr interessant und ich war sehr erstaunt, was in der Nähe des Louvre alles zu entdecken war. Richtig inspirierend. Wir sind am nächsten Tag die Strecke nochmal abgelaufen und haben uns dort in ein tolles Restaurant gesetzt!",2024-09-19,https://www.getyourguide.com/paris-l16/hidden-gems-of-paris-small-group-walking-tour-t782599/,2026-06-17T22:46:08+00:00
getyourguide,Places Parisians Love - Classic Treasures and Hidden Gems,5,GetYourGuide traveler – Sweden,,2024-08-19,https://www.getyourguide.com/paris-l16/hidden-gems-of-paris-small-group-walking-tour-t782599/,2026-06-17T22:46:08+00:00
getyourguide,Places Parisians Love - Classic Treasures and Hidden Gems,5,Björn – Sweden,,2024-08-18,https://www.getyourguide.com/paris-l16/hidden-gems-of-paris-small-group-walking-tour-t782599/,2026-06-17T22:46:08+00:00
getyourguide,"Paris Left Bank: Writers, Revolution, and Black Coffee",5,Heather – United States,Excellent. Well worth the time and money. Tip Yagos your guide well; he deserves it! Thanks again Yagos! We thoroughly enjoyed the tour.,2026-06-15,https://www.getyourguide.com/paris-l16/the-soul-of-paris-latin-quarter-sorbonne-old-town-t788155/,2026-06-17T22:46:08+00:00
getyourguide,"Paris Left Bank: Writers, Revolution, and Black Coffee",5,Anna-Sophie – Germany,"Audrey hat uns mit großer Freundlichkeit und profundem Wissen an Orte voller Geheimnisse geführt, die Relikte einer Stadt sind, die es heute nicht mehr gibt. Genau hinzuschauen und hinzuhören lohnt sich unglaublich. Mein Highlight: geköpfte Steinkönige und eine barbusige Fassadenfigur an der Sorbonne... es war wunderbar. Absolute Empfehlung🤗",2026-06-08,https://www.getyourguide.com/paris-l16/the-soul-of-paris-latin-quarter-sorbonne-old-town-t788155/,2026-06-17T22:46:08+00:00
getyourguide,"Paris Left Bank: Writers, Revolution, and Black Coffee",5,GetYourGuide traveler – United States,,2026-05-29,https://www.getyourguide.com/paris-l16/the-soul-of-paris-latin-quarter-sorbonne-old-town-t788155/,2026-06-17T22:46:08+00:00
getyourguide,"Paris Left Bank: Writers, Revolution, and Black Coffee",5,GetYourGuide traveler – Canada,Great tour!,2026-05-25,https://www.getyourguide.com/paris-l16/the-soul-of-paris-latin-quarter-sorbonne-old-town-t788155/,2026-06-17T22:46:08+00:00
getyourguide,"Paris Left Bank: Writers, Revolution, and Black Coffee",5,GetYourGuide traveler – Australia,,2026-05-12,https://www.getyourguide.com/paris-l16/the-soul-of-paris-latin-quarter-sorbonne-old-town-t788155/,2026-06-17T22:46:08+00:00
getyourguide,"Paris Left Bank: Writers, Revolution, and Black Coffee",5,Olivia – United States,"Very enthusiastic guide who provided many valuable historical facts as well as personal anecdotes. He also brought a book with supplementary photos to help us understand things better. Great experience and I would recommend to any other travelers looking for a casual, informative tour!",2026-01-05,https://www.getyourguide.com/paris-l16/the-soul-of-paris-latin-quarter-sorbonne-old-town-t788155/,2026-06-17T22:46:08+00:00
getyourguide,"Paris Left Bank: Writers, Revolution, and Black Coffee",5,Stephanie – France,Mattieu provided a fascinating insight into the district. Thanks so much!,2026-01-03,https://www.getyourguide.com/paris-l16/the-soul-of-paris-latin-quarter-sorbonne-old-town-t788155/,2026-06-17T22:46:08+00:00
getyourguide,"Paris Left Bank: Writers, Revolution, and Black Coffee",4,Naomi – Australia,"Mathew was very and informative. It was nice that it was his neighbourhood, so he could tell personal stories.",2025-12-06,https://www.getyourguide.com/paris-l16/the-soul-of-paris-latin-quarter-sorbonne-old-town-t788155/,2026-06-17T22:46:08+00:00
getyourguide,"Paris Left Bank: Writers, Revolution, and Black Coffee",5,GetYourGuide traveler – India,,2025-11-25,https://www.getyourguide.com/paris-l16/the-soul-of-paris-latin-quarter-sorbonne-old-town-t788155/,2026-06-17T22:46:08+00:00
getyourguide,"Paris Left Bank: Writers, Revolution, and Black Coffee",5,Adriana – United States,"Yage was an exceptional tour guide, very patient, informative and showed us part of the left and right bank we as tourist would have never known. Thank you Yage for such a wonderful tour!!!! The two girls from California",2025-11-11,https://www.getyourguide.com/paris-l16/the-soul-of-paris-latin-quarter-sorbonne-old-town-t788155/,2026-06-17T22:46:08+00:00
getyourguide,"Paris Left Bank: Writers, Revolution, and Black Coffee",5,Tom – France,"I was really excited to go on that Latin Quarter tour, and I couldn't have gotten a better guide than Yago. He's young and dynamic, and very passionate about Paris. The stories about the jazz, the very catholic neighbourhood, all the academic institutions, the cinema in the district... I just want to move there! I was lucky to be in a small group with two very funny American people who made us listen to jazz. He also brought us into a church that was absolutely marvellous. He gave me some tips to enter Notre Dame when there's just a few people, and an extensive list of restaurants. I definitely recommend that tour and wish you'll meet Yago!",2025-10-20,https://www.getyourguide.com/paris-l16/the-soul-of-paris-latin-quarter-sorbonne-old-town-t788155/,2026-06-17T22:46:08+00:00
getyourguide,"Paris Left Bank: Writers, Revolution, and Black Coffee",5,GetYourGuide traveler – Poland,,2025-09-27,https://www.getyourguide.com/paris-l16/the-soul-of-paris-latin-quarter-sorbonne-old-town-t788155/,2026-06-17T22:46:08+00:00
getyourguide,"Paris Left Bank: Writers, Revolution, and Black Coffee",5,GetYourGuide traveler – Netherlands,,2025-09-13,https://www.getyourguide.com/paris-l16/the-soul-of-paris-latin-quarter-sorbonne-old-town-t788155/,2026-06-17T22:46:08+00:00
getyourguide,"Paris Left Bank: Writers, Revolution, and Black Coffee",5,Christine – Germany,"Floriane hat uns in einer kleinen Gruppe auf sehr authentische und begeisterte Weise durch das Quartier Latin geführt und Informationen weitergegeben, die man so nicht einfach im Reiseführer findet.",2025-08-13,https://www.getyourguide.com/paris-l16/the-soul-of-paris-latin-quarter-sorbonne-old-town-t788155/,2026-06-17T22:46:08+00:00
getyourguide,"Paris Left Bank: Writers, Revolution, and Black Coffee",5,Merete – Norway,"A guide with excellent historical knowledge, but also personal knowledge about the area. Interesting!",2025-06-04,https://www.getyourguide.com/paris-l16/the-soul-of-paris-latin-quarter-sorbonne-old-town-t788155/,2026-06-17T22:46:08+00:00
getyourguide,"Paris Left Bank: Writers, Revolution, and Black Coffee",5,GetYourGuide traveler – Germany,,2024-10-25,https://www.getyourguide.com/paris-l16/the-soul-of-paris-latin-quarter-sorbonne-old-town-t788155/,2026-06-17T22:46:08+00:00
getyourguide,Notre-Dame to Louvre: Paris' Best in 90 Minutes with a Local,5,GetYourGuide traveler – United Kingdom,Maria was fantastic. She was very knowledgeable and passionate about Paris. She provided an engaging and informative tour.,2026-05-30,https://www.getyourguide.com/paris-l16/paris-icons-express-tour-notre-dame-to-louvre-small-group-t691539/,2026-06-17T22:46:08+00:00
getyourguide,Notre-Dame to Louvre: Paris' Best in 90 Minutes with a Local,5,Chantelle – Germany,Der Guide hat die Tour super cool gestaltet .,2026-05-16,https://www.getyourguide.com/paris-l16/paris-icons-express-tour-notre-dame-to-louvre-small-group-t691539/,2026-06-17T22:46:08+00:00
getyourguide,Notre-Dame to Louvre: Paris' Best in 90 Minutes with a Local,5,Brandy – United States,Wonderful tour!,2026-04-09,https://www.getyourguide.com/paris-l16/paris-icons-express-tour-notre-dame-to-louvre-small-group-t691539/,2026-06-17T22:46:08+00:00
getyourguide,Notre-Dame to Louvre: Paris' Best in 90 Minutes with a Local,5,GetYourGuide traveler – France,,2026-02-28,https://www.getyourguide.com/paris-l16/paris-icons-express-tour-notre-dame-to-louvre-small-group-t691539/,2026-06-17T22:46:08+00:00
getyourguide,Notre-Dame to Louvre: Paris' Best in 90 Minutes with a Local,5,GetYourGuide traveler – Serbia,"Guide, Maria, was friendly and cheerful, portions of talk and walk were great, we heard some interesting things about Paris, small size of the group was great because we could chat amongst us and feel like the group of friends who is taking the strall through the Paris.",2026-02-19,https://www.getyourguide.com/paris-l16/paris-icons-express-tour-notre-dame-to-louvre-small-group-t691539/,2026-06-17T22:46:08+00:00
getyourguide,Notre-Dame to Louvre: Paris' Best in 90 Minutes with a Local,4,GetYourGuide traveler – Italy,La nostra guida si chiama Philippe ci ha spiegato tutte le cose più importanti nei monumenti principali in lingua inglese.E' stato molto chiaro nonostante il nostro inglese scarso.,2026-01-07,https://www.getyourguide.com/paris-l16/paris-icons-express-tour-notre-dame-to-louvre-small-group-t691539/,2026-06-17T22:46:08+00:00
getyourguide,Notre-Dame to Louvre: Paris' Best in 90 Minutes with a Local,5,GetYourGuide traveler – United Kingdom,,2026-01-03,https://www.getyourguide.com/paris-l16/paris-icons-express-tour-notre-dame-to-louvre-small-group-t691539/,2026-06-17T22:46:08+00:00
getyourguide,Notre-Dame to Louvre: Paris' Best in 90 Minutes with a Local,1,GetYourGuide traveler – United States,,2025-12-29,https://www.getyourguide.com/paris-l16/paris-icons-express-tour-notre-dame-to-louvre-small-group-t691539/,2026-06-17T22:46:08+00:00
getyourguide,Notre-Dame to Louvre: Paris' Best in 90 Minutes with a Local,5,Jackie – United Kingdom,Maryam was such a knowledgeable guide - she answered all our questions and kept us interested. we now know so much more thanks to her and I would throughly recommend great value for money too,2025-12-08,https://www.getyourguide.com/paris-l16/paris-icons-express-tour-notre-dame-to-louvre-small-group-t691539/,2026-06-17T22:46:08+00:00
getyourguide,Notre-Dame to Louvre: Paris' Best in 90 Minutes with a Local,5,GetYourGuide traveler – United States,,2025-12-08,https://www.getyourguide.com/paris-l16/paris-icons-express-tour-notre-dame-to-louvre-small-group-t691539/,2026-06-17T22:46:08+00:00
getyourguide,Notre-Dame to Louvre: Paris' Best in 90 Minutes with a Local,5,GetYourGuide traveler – United States,,2025-11-07,https://www.getyourguide.com/paris-l16/paris-icons-express-tour-notre-dame-to-louvre-small-group-t691539/,2026-06-17T22:46:08+00:00
getyourguide,Notre-Dame to Louvre: Paris' Best in 90 Minutes with a Local,5,Andrea – United States,,2025-10-24,https://www.getyourguide.com/paris-l16/paris-icons-express-tour-notre-dame-to-louvre-small-group-t691539/,2026-06-17T22:46:08+00:00
getyourguide,Notre-Dame to Louvre: Paris' Best in 90 Minutes with a Local,5,Tom – France,"My visit to the Louvre that day had been cancelled because of the robbery! didn't happen since Mona Lisa disappeared in the 20th century... Despite this, I booked this tour in order to know more about the museum, and becuase I loved the Latin Quarter tour on Friday, with the same company. Philip is a very funny guide and gave us incredible stories about the monuments we saw: Notre Dame, Academie francaise, Conciergerie with Marie antoinette... Finally, we entered the court of the museum, and I'm very grateful he answered all my questions about Louvre's history after the tour. I'm almostt happy the museum was closed so I could hear his stories! And we were lcuky enough for the rain to pour only the last minutes of the tour. I highly recommend it! Thanks Philip",2025-10-20,https://www.getyourguide.com/paris-l16/paris-icons-express-tour-notre-dame-to-louvre-small-group-t691539/,2026-06-17T22:46:08+00:00
getyourguide,Notre-Dame to Louvre: Paris' Best in 90 Minutes with a Local,5,GetYourGuide traveler – Switzerland,"Kleine Gruppen und viele Infos erhalten, uns hat es gefallen",2025-10-06,https://www.getyourguide.com/paris-l16/paris-icons-express-tour-notre-dame-to-louvre-small-group-t691539/,2026-06-17T22:46:08+00:00
getyourguide,Notre-Dame to Louvre: Paris' Best in 90 Minutes with a Local,5,GetYourGuide traveler – Ghana,I loved it.,2025-09-09,https://www.getyourguide.com/paris-l16/paris-icons-express-tour-notre-dame-to-louvre-small-group-t691539/,2026-06-17T22:46:08+00:00
getyourguide,Notre-Dame to Louvre: Paris' Best in 90 Minutes with a Local,5,GetYourGuide traveler – Australia,,2025-08-31,https://www.getyourguide.com/paris-l16/paris-icons-express-tour-notre-dame-to-louvre-small-group-t691539/,2026-06-17T22:46:08+00:00
getyourguide,Notre-Dame to Louvre: Paris' Best in 90 Minutes with a Local,5,Nevil – United Kingdom,"“Diane, my guide, was absolutely wonderful—she shared so much fascinating history about Paris and made the tour both fun and memorable!”",2025-08-25,https://www.getyourguide.com/paris-l16/paris-icons-express-tour-notre-dame-to-louvre-small-group-t691539/,2026-06-17T22:46:08+00:00
getyourguide,Notre-Dame to Louvre: Paris' Best in 90 Minutes with a Local,4,GetYourGuide traveler – Germany,Sehr informativ..und nicht weit mit kind zu laufen.,2025-08-08,https://www.getyourguide.com/paris-l16/paris-icons-express-tour-notre-dame-to-louvre-small-group-t691539/,2026-06-17T22:46:08+00:00
getyourguide,Notre-Dame to Louvre: Paris' Best in 90 Minutes with a Local,5,GetYourGuide traveler – Germany,,2025-07-29,https://www.getyourguide.com/paris-l16/paris-icons-express-tour-notre-dame-to-louvre-small-group-t691539/,2026-06-17T22:46:08+00:00
getyourguide,Notre-Dame to Louvre: Paris' Best in 90 Minutes with a Local,5,Kardelen Kaplan – Turkey,Tur çok eğlenceliydi. Yürüyerek Paris'in önemli yerlerini ve o yerlerin tarihleri hakkında çok kilit bilgiler ögrendik. Küçük bir grup olduğumuz için sohbet etmek çok keyifliydi. Laura harika bir rehber! Bir sonraki gelişimde kesinlikle yine kendisiyle gezmek isterim 💕,2025-07-28,https://www.getyourguide.com/paris-l16/paris-icons-express-tour-notre-dame-to-louvre-small-group-t691539/,2026-06-17T22:46:08+00:00
getyourguide,Notre-Dame to Louvre: Paris' Best in 90 Minutes with a Local,5,Priyan – United States,,2025-07-26,https://www.getyourguide.com/paris-l16/paris-icons-express-tour-notre-dame-to-louvre-small-group-t691539/,2026-06-17T22:46:08+00:00
getyourguide,Notre-Dame to Louvre: Paris' Best in 90 Minutes with a Local,5,GetYourGuide traveler – United States,,2025-07-07,https://www.getyourguide.com/paris-l16/paris-icons-express-tour-notre-dame-to-louvre-small-group-t691539/,2026-06-17T22:46:08+00:00
getyourguide,Notre-Dame to Louvre: Paris' Best in 90 Minutes with a Local,5,GetYourGuide traveler – United Kingdom,,2025-06-29,https://www.getyourguide.com/paris-l16/paris-icons-express-tour-notre-dame-to-louvre-small-group-t691539/,2026-06-17T22:46:08+00:00
getyourguide,Notre-Dame to Louvre: Paris' Best in 90 Minutes with a Local,5,GetYourGuide traveler – Germany,"Die Tour war sehr kurzweilig und interessant. Laura, unser Tourguide war super!",2025-06-23,https://www.getyourguide.com/paris-l16/paris-icons-express-tour-notre-dame-to-louvre-small-group-t691539/,2026-06-17T22:46:08+00:00
getyourguide,Notre-Dame to Louvre: Paris' Best in 90 Minutes with a Local,5,GetYourGuide traveler – United States,"Maria was extremely knowledgeable, informative and presented each location with enthusiasm and a smile!! A pleasure to be with!’",2025-06-18,https://www.getyourguide.com/paris-l16/paris-icons-express-tour-notre-dame-to-louvre-small-group-t691539/,2026-06-17T22:46:08+00:00
getyourguide,Notre-Dame to Louvre: Paris' Best in 90 Minutes with a Local,5,GetYourGuide traveler – Czech Republic,,2025-05-31,https://www.getyourguide.com/paris-l16/paris-icons-express-tour-notre-dame-to-louvre-small-group-t691539/,2026-06-17T22:46:08+00:00
getyourguide,Notre-Dame to Louvre: Paris' Best in 90 Minutes with a Local,5,GetYourGuide traveler – United States,,2025-05-25,https://www.getyourguide.com/paris-l16/paris-icons-express-tour-notre-dame-to-louvre-small-group-t691539/,2026-06-17T22:46:08+00:00
getyourguide,Notre-Dame to Louvre: Paris' Best in 90 Minutes with a Local,5,GetYourGuide traveler – Germany,Laura was very friendly and the tour was very nice,2025-05-24,https://www.getyourguide.com/paris-l16/paris-icons-express-tour-notre-dame-to-louvre-small-group-t691539/,2026-06-17T22:46:08+00:00
getyourguide,Notre-Dame to Louvre: Paris' Best in 90 Minutes with a Local,5,Claudine – United States,"The tour provided a good overview of Paris, especially for someone who'd never been here. We were fortunate to have a very small group and Laura was a knowledgeable and friendly tour guide who was terrific with answering our random questions.",2025-05-22,https://www.getyourguide.com/paris-l16/paris-icons-express-tour-notre-dame-to-louvre-small-group-t691539/,2026-06-17T22:46:08+00:00
getyourguide,Notre-Dame to Louvre: Paris' Best in 90 Minutes with a Local,5,GetYourGuide traveler – United States,Everything. Laura was a great tour guide. Lots of good stories. She is very knowledgeable and made the tour fun.,2025-05-16,https://www.getyourguide.com/paris-l16/paris-icons-express-tour-notre-dame-to-louvre-small-group-t691539/,2026-06-17T22:46:08+00:00
getyourguide,Notre-Dame to Louvre: Paris' Best in 90 Minutes with a Local,5,Jo – United Kingdom,Margot was full of knowledge and expertise…amazing tour and at a very cheap price,2025-05-03,https://www.getyourguide.com/paris-l16/paris-icons-express-tour-notre-dame-to-louvre-small-group-t691539/,2026-06-17T22:46:08+00:00
getyourguide,Notre-Dame to Louvre: Paris' Best in 90 Minutes with a Local,5,Paula – Finland,,2025-05-01,https://www.getyourguide.com/paris-l16/paris-icons-express-tour-notre-dame-to-louvre-small-group-t691539/,2026-06-17T22:46:08+00:00
getyourguide,Notre-Dame to Louvre: Paris' Best in 90 Minutes with a Local,5,GetYourGuide traveler – United States,The guide grew up in Paris and had many stories and places to share that while on the tour would not have been identified by another guide. We had a previous more expensive semi private tour that did not come close to this experience. Highly recommend,2025-05-01,https://www.getyourguide.com/paris-l16/paris-icons-express-tour-notre-dame-to-louvre-small-group-t691539/,2026-06-17T22:46:08+00:00
getyourguide,Notre-Dame to Louvre: Paris' Best in 90 Minutes with a Local,5,Lena – Switzerland,,2025-04-20,https://www.getyourguide.com/paris-l16/paris-icons-express-tour-notre-dame-to-louvre-small-group-t691539/,2026-06-17T22:46:08+00:00
getyourguide,Notre-Dame to Louvre: Paris' Best in 90 Minutes with a Local,1,GetYourGuide traveler – Poland,,2025-04-20,https://www.getyourguide.com/paris-l16/paris-icons-express-tour-notre-dame-to-louvre-small-group-t691539/,2026-06-17T22:46:08+00:00
getyourguide,Notre-Dame to Louvre: Paris' Best in 90 Minutes with a Local,5,GetYourGuide traveler – United States,The guide - spend more time at the monuments so that people have opportunities to take pictures,2025-04-19,https://www.getyourguide.com/paris-l16/paris-icons-express-tour-notre-dame-to-louvre-small-group-t691539/,2026-06-17T22:46:08+00:00
getyourguide,Notre-Dame to Louvre: Paris' Best in 90 Minutes with a Local,5,Gabriela – Chile,,2025-04-10,https://www.getyourguide.com/paris-l16/paris-icons-express-tour-notre-dame-to-louvre-small-group-t691539/,2026-06-17T22:46:08+00:00
getyourguide,Notre-Dame to Louvre: Paris' Best in 90 Minutes with a Local,5,Prince Punnakkuzhiyil – United Kingdom,"Flo was an incredibly experienced guide, having lived in Paris for over 40 years. She started off with the history of the city's creation and evolution, beginning with the construction of the Roman walls. The tour covered everything from ancient history to modern fashion brands and included all the iconic tourist spots and landmarks. For first-timers like me and my wife, it was a fantastic introduction to the city. Flo’s way of explaining things was both funny and engaging. She encouraged us to ask questions and was very knowledgeable, answering everything in detail. She even made us guess some answers, which made the tour interactive and fun. I’d definitely recommend it!",2025-03-31,https://www.getyourguide.com/paris-l16/paris-icons-express-tour-notre-dame-to-louvre-small-group-t691539/,2026-06-17T22:46:08+00:00
getyourguide,Notre-Dame to Louvre: Paris' Best in 90 Minutes with a Local,5,Magda – Denmark,Anbefaler turen,2025-03-30,https://www.getyourguide.com/paris-l16/paris-icons-express-tour-notre-dame-to-louvre-small-group-t691539/,2026-06-17T22:46:08+00:00
getyourguide,Notre-Dame to Louvre: Paris' Best in 90 Minutes with a Local,5,Roma – Lithuania,,2025-03-05,https://www.getyourguide.com/paris-l16/paris-icons-express-tour-notre-dame-to-louvre-small-group-t691539/,2026-06-17T22:46:08+00:00
getyourguide,Notre-Dame to Louvre: Paris' Best in 90 Minutes with a Local,5,Diana Carolina Lima – Mexico,Die Tour war Atemberaubend. Wir hatten Philippe als Guide und er war einfach super. Wir hatten das Glück das ich und meine Freundin die einzigen waren die aufgetaucht sind und wir somit die wahrscheinlich beste privat Tour hatten die man hätte haben können. Philippe ist super auf unsere Fragen eingegangen und hat alle Sachen äußerst verständlich erklärt. Er hat sich echt Zeit für uns genommen so das wir uns sehr willkommen gefühlt haben. Seine äußerst sympathische und ruhige Art und weise ist in einer so hektischen Stadt echt angenehm. Immer wieder gerne !!!,2025-02-08,https://www.getyourguide.com/paris-l16/paris-icons-express-tour-notre-dame-to-louvre-small-group-t691539/,2026-06-17T22:46:08+00:00
getyourguide,Notre-Dame to Louvre: Paris' Best in 90 Minutes with a Local,5,Elizabeth Wong – United States,Flo was the most knowledgeable and kindest guide!!!,2025-01-27,https://www.getyourguide.com/paris-l16/paris-icons-express-tour-notre-dame-to-louvre-small-group-t691539/,2026-06-17T22:46:08+00:00
getyourguide,Notre-Dame to Louvre: Paris' Best in 90 Minutes with a Local,5,Elaheh – United States,wonderful guide. we had an amazing experience. highly recommend. the guide gave is great history and tour of even residential.,2025-01-01,https://www.getyourguide.com/paris-l16/paris-icons-express-tour-notre-dame-to-louvre-small-group-t691539/,2026-06-17T22:46:08+00:00
getyourguide,Notre-Dame to Louvre: Paris' Best in 90 Minutes with a Local,5,GetYourGuide traveler – United Kingdom,,2024-12-31,https://www.getyourguide.com/paris-l16/paris-icons-express-tour-notre-dame-to-louvre-small-group-t691539/,2026-06-17T22:46:08+00:00
getyourguide,Notre-Dame to Louvre: Paris' Best in 90 Minutes with a Local,5,GetYourGuide traveler – Germany,"Sehr netter Guide, viele Informationen",2024-12-30,https://www.getyourguide.com/paris-l16/paris-icons-express-tour-notre-dame-to-louvre-small-group-t691539/,2026-06-17T22:46:08+00:00
getyourguide,Notre-Dame to Louvre: Paris' Best in 90 Minutes with a Local,5,Daniela – Bulgaria,Приятна разходка. Интелигентен и добре информиран екскуровод. Писходяща за първо посещение на Париж. Препоръчвам!,2024-11-22,https://www.getyourguide.com/paris-l16/paris-icons-express-tour-notre-dame-to-louvre-small-group-t691539/,2026-06-17T22:46:08+00:00
getyourguide,Notre-Dame to Louvre: Paris' Best in 90 Minutes with a Local,5,GetYourGuide traveler – United Kingdom,,2024-10-13,https://www.getyourguide.com/paris-l16/paris-icons-express-tour-notre-dame-to-louvre-small-group-t691539/,2026-06-17T22:46:08+00:00
getyourguide,Notre-Dame to Louvre: Paris' Best in 90 Minutes with a Local,5,Laura Elaine – United States,"Really nice morning tour to get yourself oriented to the city. Easy walking and our guide, Flo, was very kind and knowledgeable. Lots a beautiful things to see in Paris and this was a great start to learning. Plus ending at the Louvre and then u can tour the Louvre from there, so a plus.",2024-09-22,https://www.getyourguide.com/paris-l16/paris-icons-express-tour-notre-dame-to-louvre-small-group-t691539/,2026-06-17T22:46:08+00:00
freetour,Le Marais Free Tour: Where Parisians Go,5,René Heisig,"A very dedicated, friendly, and charming guide.",2026-06-16,https://www.freetour.com/paris/free-trendy-marais-tour,2026-06-18T11:55:02+00:00
freetour,Le Marais Free Tour: Where Parisians Go,5,Harold Pressberg,"Matt was an excellent, interesting and knowledgeable tour guide. Very informative. Well worth taking.",2026-06-13,https://www.freetour.com/paris/free-trendy-marais-tour,2026-06-18T11:55:02+00:00
freetour,Le Marais Free Tour: Where Parisians Go,5,Karen Shepherd,"Max was a lovely guide, with lots of interesting info that brought this wonderful area to life. Really appreciated his recommendations for post-tour too. Merci beaucoup Max!",2026-06-12,https://www.freetour.com/paris/free-trendy-marais-tour,2026-06-18T11:55:02+00:00
freetour,Montmartre Paris Free Tour: Moulin Rouge to Sacre Coeur,5,thais Guedert,Maria shows us Montmatre and also told us ALL details regarding This charming Quartier. I loved it,2026-06-16,https://www.freetour.com/paris/montmartre-tour,2026-06-18T11:55:02+00:00
guruwalk,The village of Montmartre without the crowds,5,Paula,"Our tour guide was lovely. He was friendly, professional and had an amazing knowledge of Paris. I would highly recommend the tour of Montmarte!",2026-06,https://www.guruwalk.com/walks/46480-the-village-of-montmartre-without-the-crowds,2026-06-18T11:56:01+00:00
guruwalk,The village of Montmartre without the crowds,5,Daniela,Lovedddd the tour!! Maryem was super nice and her storytelling was amazing. You can really tell she enjoys teaching. We did the tour on our last day of the trip and it was a fantastic way to end our experience in Paris!,2026-06,https://www.guruwalk.com/walks/46480-the-village-of-montmartre-without-the-crowds,2026-06-18T11:56:01+00:00
guruwalk,The village of Montmartre without the crowds,4,David,Maria was a fine guide who knew her environment and knowledge of the area.,2026-06,https://www.guruwalk.com/walks/46480-the-village-of-montmartre-without-the-crowds,2026-06-18T11:56:01+00:00
guruwalk,The village of Montmartre without the crowds,5,Stephanie,The tour was perfect! Anaelle was a great guide.,2026-06,https://www.guruwalk.com/walks/46480-the-village-of-montmartre-without-the-crowds,2026-06-18T11:56:01+00:00
guruwalk,The village of Montmartre without the crowds,5,Jenn,Maria was awesome!,2026-06,https://www.guruwalk.com/walks/46480-the-village-of-montmartre-without-the-crowds,2026-06-18T11:56:01+00:00
freetour,Le Marais Free Tour: Where Parisians Go,2,michal c,we expected more information and explanation than walking and pointing at places,2026-06-19,https://www.freetour.com/paris/free-trendy-marais-tour,2026-06-19T12:50:54+00:00
guruwalk,The village of Montmartre without the crowds,5,Marjorie,Great tour’ wealth of knowledge!,2026-06,https://www.guruwalk.com/walks/46480-the-village-of-montmartre-without-the-crowds,2026-06-19T12:51:53+00:00
guruwalk,The village of Montmartre without the crowds,5,Snježana,Fantastic tour...fantastic guide...I recomanded the tour,2026-06,https://www.guruwalk.com/walks/46480-the-village-of-montmartre-without-the-crowds,2026-06-19T12:51:53+00:00
guruwalk,The village of Montmartre without the crowds,5,Dale,Very informative and entertaining,2026-06,https://www.guruwalk.com/walks/46480-the-village-of-montmartre-without-the-crowds,2026-06-19T12:51:53+00:00
guruwalk,The village of Montmartre without the crowds,5,Susan,"This was my first guru walk. Elise was well informed, entertaining, responsive and engaging. I’m looking forward to more guru walks in the future. Thanks, Elise.",2026-06,https://www.guruwalk.com/walks/46480-the-village-of-montmartre-without-the-crowds,2026-06-21T11:52:04+00:00
guruwalk,The village of Montmartre without the crowds,5,Aidan,Very good Recommended,2026-06,https://www.guruwalk.com/walks/46480-the-village-of-montmartre-without-the-crowds,2026-06-22T14:55:12+00:00
guruwalk,The village of Montmartre without the crowds,5,Philipp,Great tour! One of the highlights of my Paris trip! I can highly recommend it!,2026-06,https://www.guruwalk.com/walks/46480-the-village-of-montmartre-without-the-crowds,2026-06-22T14:55:12+00:00
guruwalk,"Le Marais without the crowds, the beating heart of Paris",5,Carlos,"Interesting visit of the Marais. History, evolution and vibrant present. Worth while taking the tour if you want to understand how the place developed to be what it is today. Guide was very knowledgeable.",2026-06,https://www.guruwalk.com/walks/54090-le-marais-without-the-crowds-the-beating-heart-of-paris,2026-06-22T14:55:12+00:00
guruwalk,The village of Montmartre without the crowds,5,ANITA,"Molto interessante, piacevole, brava la nostra guida !",2026-06,https://www.guruwalk.com/walks/46480-the-village-of-montmartre-without-the-crowds,2026-06-23T12:20:36+00:00
freetour,Montmartre Paris Free Tour: Moulin Rouge to Sacre Coeur,5,Inna P,"Taking the Montmartre night walk tour was fun and informational. Seeing the winding cobblestone streets lit up after dark completely transforms the neighborhood—it feels like stepping straight back in time. Our guide was very good, sharing fantastic stories about the artists, history, and secret spots. Ending the walk near a beautifully lit Sacré-Cœur with stunning night views of Paris was breathtaking. If you want to experience the true, romantic soul of Montmartre away from the daytime crowds, do not miss this tour! Ps - I happen to be late to the meeting point and the communication with the tour organizers was a breeze. They kept me updated the Guide’s location and I easily found her would only be 15 minutes late to the tour.",2026-06-23,https://www.freetour.com/paris/montmartre-tour,2026-06-24T12:04:31+00:00
guruwalk,The village of Montmartre without the crowds,5,Lina,Best experience,2026-06,https://www.guruwalk.com/walks/46480-the-village-of-montmartre-without-the-crowds,2026-06-25T11:55:16+00:00
freetour,Montmartre Paris Free Tour: Moulin Rouge to Sacre Coeur,5,ANTONINA LISITSA,Highly recomend????,2026-06-25,https://www.freetour.com/paris/montmartre-tour,2026-06-26T11:54:39+00:00
guruwalk,The village of Montmartre without the crowds,5,Soly,Our guide was just amazing! Knowledgeable and funny!,2026-06,https://www.guruwalk.com/walks/46480-the-village-of-montmartre-without-the-crowds,2026-06-26T11:55:39+00:00
guruwalk,The village of Montmartre without the crowds,5,Apostolos,Anna was great!,2026-06,https://www.guruwalk.com/walks/46480-the-village-of-montmartre-without-the-crowds,2026-06-26T11:55:39+00:00
guruwalk,The village of Montmartre without the crowds,5,Emily Goldman,"Elise was a fantastic guide. She was knowledgeable, funny, patient and paced the tour perfectly. I highly recommend her!",2026-06,https://www.guruwalk.com/walks/46480-the-village-of-montmartre-without-the-crowds,2026-06-27T11:08:55+00:00
guruwalk,The village of Montmartre without the crowds,5,Margherita,"La guida è stata bravissima: appassionata, preparata, ha reso la visita vivace e mai noiosa. Oltre alla storia del quartiere, ci ha dato tante informazioni interessanti sulla vita quotidiana francese.",2026-06,https://www.guruwalk.com/walks/46480-the-village-of-montmartre-without-the-crowds,2026-06-27T11:08:55+00:00
freetour,Montmartre Paris Free Tour: Moulin Rouge to Sacre Coeur,5,Keren Peled,Excellent,2026-06-27,https://www.freetour.com/paris/montmartre-tour,2026-06-28T11:20:29+00:00
guruwalk,The village of Montmartre without the crowds,5,Laura,"Very good tour, loved all the information on the artists.",2026-06,https://www.guruwalk.com/walks/46480-the-village-of-montmartre-without-the-crowds,2026-06-30T11:56:18+00:00
freetour,Montmartre Paris Free Tour: Moulin Rouge to Sacre Coeur,4.5,Petra Klemenc,"The tour is well organized. Very interesting content, our guide was great:) Done with 2 kids, highly recommend",2026-06-30,https://www.freetour.com/paris/montmartre-tour,2026-07-01T12:20:55+00:00
guruwalk,The village of Montmartre without the crowds,5,Ron,A fantastic tour through the scenic roads of magnificent Monmart. The stories behind the sights are incredible and are the heart and soul of the tour. Nicole was fantastic!! A bientot!,2026-06,https://www.guruwalk.com/walks/46480-the-village-of-montmartre-without-the-crowds,2026-07-01T12:21:58+00:00
guruwalk,The village of Montmartre without the crowds,5,Gwendolynn,"Max was one of the best tour guides I’ve ever had. My partner and I both enjoyed the quality of the information, the stops that were picked and Max’s sense of humor was very charming. Very informative and fun. Highly recommend!! We did the Montmarte evening tour.",2026-07,https://www.guruwalk.com/walks/46480-the-village-of-montmartre-without-the-crowds,2026-07-02T11:48:10+00:00
freetour,Le Marais Free Tour: Where Parisians Go,5,Barb Kay,Thank you so much!,2026-07-03,https://www.freetour.com/paris/free-trendy-marais-tour,2026-07-03T11:46:01+00:00
guruwalk,The village of Montmartre without the crowds,5,Julija,"It was a wonderful heart-felt tour through Monmartre. So personal and relaxed, and so much great information at the same time. Recommend!",2026-07,https://www.guruwalk.com/walks/46480-the-village-of-montmartre-without-the-crowds,2026-07-04T11:05:12+00:00
guruwalk,The village of Montmartre without the crowds,5,Natalie,Fantastic tour of Montmartre. The tour ended with a fantastic view of Paris.,2026-07,https://www.guruwalk.com/walks/46480-the-village-of-montmartre-without-the-crowds,2026-07-06T13:03:01+00:00
guruwalk,The village of Montmartre without the crowds,5,Abi Barrowman,"Enjoyed this tour and would recommend to anyone considering! The small group size was great, and the guide was more than happy to answer any questions.",2026-07,https://www.guruwalk.com/walks/46480-the-village-of-montmartre-without-the-crowds,2026-07-06T13:03:01+00:00
guruwalk,The village of Montmartre without the crowds,5,Juliet,Great entertaining and informative tour,2026-07,https://www.guruwalk.com/walks/46480-the-village-of-montmartre-without-the-crowds,2026-07-06T13:03:01+00:00
freetour,Montmartre Paris Free Tour: Moulin Rouge to Sacre Coeur,5,Sebastian Ahlvers,"Good, funny and ironic tour guide with lots of experience - mention recommandé",2026-07-06,https://www.freetour.com/paris/montmartre-tour,2026-07-07T12:13:17+00:00
guruwalk,"Le Marais without the crowds, the beating heart of Paris",5,Christine,"We had a very nice walking tour of the Marais on this tour giving us good facts and information about the long history of the Marais. Adrian, our guide, was very professional and entertaining keeping us engaged throughout the visit. I would recommend this tour to anyone wanting to learn more about the Marais rich history.",2026-07,https://www.guruwalk.com/walks/54090-le-marais-without-the-crowds-the-beating-heart-of-paris,2026-07-07T12:14:18+00:00
guruwalk,"Le Marais without the crowds, the beating heart of Paris",5,Frieda Weimann,"Great tour with a good mix of historical buildings and information, parks, hidden gems and recommendations for everything you need!",2026-07,https://www.guruwalk.com/walks/54090-le-marais-without-the-crowds-the-beating-heart-of-paris,2026-07-07T12:14:18+00:00
freetour,Montmartre Paris Free Tour: Moulin Rouge to Sacre Coeur,5,Asim Qureshi,"Our tour guide was fantastic, very funny and knowledgeable and kept the tour at a very nice pace. I had a fun time and would definitely recommend it to others.",2026-07-08,https://www.freetour.com/paris/montmartre-tour,2026-07-09T12:24:17+00:00
guruwalk,Paris Old Town - small group - Notre Dame and Latin Quarter,5,Markus,"Philippe is very knowledgeable, knows lots of details and is a very entertaining storyteller. We really enjoyed this tour and picked up some tips for other things to do. Thank you very much!",2026-07,https://www.guruwalk.com/walks/60568-paris-old-town-small-group-notre-dame-and-latin-quarter,2026-07-09T12:25:18+00:00
getyourguide,Paris: Montmartre Guided Walking Tour,5,GetYourGuide traveler – United States,,2026-07-07,https://www.getyourguide.com/paris-l16/paris-magical-montmartre-without-the-crowds-t592477/,2026-07-09T13:40:36+00:00
getyourguide,Paris: Montmartre Guided Walking Tour,5,Paul K – Australia,our host was fantastic !,2026-07-07,https://www.getyourguide.com/paris-l16/paris-magical-montmartre-without-the-crowds-t592477/,2026-07-09T13:40:36+00:00
getyourguide,Paris: Montmartre Guided Walking Tour,5,GetYourGuide traveler – United Kingdom,,2026-07-06,https://www.getyourguide.com/paris-l16/paris-magical-montmartre-without-the-crowds-t592477/,2026-07-09T13:40:36+00:00
getyourguide,Paris: Montmartre Guided Walking Tour,5,LeAnne – United States,,2026-07-05,https://www.getyourguide.com/paris-l16/paris-magical-montmartre-without-the-crowds-t592477/,2026-07-09T13:40:36+00:00
getyourguide,Paris: Montmartre Guided Walking Tour,5,GetYourGuide traveler – United States,our guide Leslisse was excellent. Very knowledgeable and friendly. Was nice she was born and raised in the area,2026-07-03,https://www.getyourguide.com/paris-l16/paris-magical-montmartre-without-the-crowds-t592477/,2026-07-09T13:40:36+00:00
getyourguide,Paris: Montmartre Guided Walking Tour,4,GetYourGuide traveler – United States,,2026-07-02,https://www.getyourguide.com/paris-l16/paris-magical-montmartre-without-the-crowds-t592477/,2026-07-09T13:40:36+00:00
getyourguide,Paris: Montmartre Guided Walking Tour,5,GetYourGuide traveler – France,,2026-07-02,https://www.getyourguide.com/paris-l16/paris-magical-montmartre-without-the-crowds-t592477/,2026-07-09T13:40:36+00:00
getyourguide,Paris: Montmartre Guided Walking Tour,5,Anitha – United States,Leo was very good and funny. Thanks for all the recommendations during the walk.,2026-07-01,https://www.getyourguide.com/paris-l16/paris-magical-montmartre-without-the-crowds-t592477/,2026-07-09T13:40:36+00:00
getyourguide,Paris: Montmartre Guided Walking Tour,5,Chirag – United States,Very good tour of monmarte with touch of local history and details,2026-07-01,https://www.getyourguide.com/paris-l16/paris-magical-montmartre-without-the-crowds-t592477/,2026-07-09T13:40:36+00:00
getyourguide,Paris: Montmartre Guided Walking Tour,5,GetYourGuide traveler – Australia,,2026-06-30,https://www.getyourguide.com/paris-l16/paris-magical-montmartre-without-the-crowds-t592477/,2026-07-09T13:40:36+00:00
getyourguide,Paris: Montmartre Guided Walking Tour,4,Stephanie – Austria,,2026-06-29,https://www.getyourguide.com/paris-l16/paris-magical-montmartre-without-the-crowds-t592477/,2026-07-09T13:40:36+00:00
getyourguide,Paris: Montmartre Guided Walking Tour,5,GetYourGuide traveler – United States,The tour was a lot of walking. But it was an amazing experience.,2026-06-28,https://www.getyourguide.com/paris-l16/paris-magical-montmartre-without-the-crowds-t592477/,2026-07-09T13:40:36+00:00
getyourguide,Paris: Montmartre Guided Walking Tour,5,Kristine – Australia,"This was an excellent tour. Leonie was a great guide. She knows and loves Montmartre and enjoys sharing her knowledge and stories. We had lots of small insights into life in Montmartre as well as lots of information about the history and what it is like today. Leonie is very friendly and encourages questions. She also had lots of great suggestions for restaurants, music, and French culture. I recommend this tour.",2026-06-25,https://www.getyourguide.com/paris-l16/paris-magical-montmartre-without-the-crowds-t592477/,2026-07-09T13:40:36+00:00
getyourguide,Paris: Montmartre Guided Walking Tour,5,Fatima – South Africa,"Excellent tour, breathtakingly beautiful! Leo our guide was magnificent! She kept us entertained and spoke from her heart! Loved it",2026-06-23,https://www.getyourguide.com/paris-l16/paris-magical-montmartre-without-the-crowds-t592477/,2026-07-09T13:40:36+00:00
getyourguide,Paris: Montmartre Guided Walking Tour,5,GetYourGuide traveler – Germany,,2026-06-22,https://www.getyourguide.com/paris-l16/paris-magical-montmartre-without-the-crowds-t592477/,2026-07-09T13:40:36+00:00
getyourguide,Paris: Montmartre Guided Walking Tour,5,GetYourGuide traveler – United Kingdom,,2026-06-20,https://www.getyourguide.com/paris-l16/paris-magical-montmartre-without-the-crowds-t592477/,2026-07-09T13:40:36+00:00
getyourguide,Paris: Montmartre Guided Walking Tour,5,GetYourGuide traveler – United States,,2026-06-20,https://www.getyourguide.com/paris-l16/paris-magical-montmartre-without-the-crowds-t592477/,2026-07-09T13:40:36+00:00
getyourguide,Paris: Montmartre Guided Walking Tour,5,GetYourGuide traveler – United States,,2026-06-19,https://www.getyourguide.com/paris-l16/paris-magical-montmartre-without-the-crowds-t592477/,2026-07-09T13:40:36+00:00
getyourguide,Paris: Montmartre Guided Walking Tour,5,Marcy – United States,We loved it! Maria gave us great information - info we wouldn’t have found on our own. Highly recommend!,2026-06-19,https://www.getyourguide.com/paris-l16/paris-magical-montmartre-without-the-crowds-t592477/,2026-07-09T13:40:36+00:00
getyourguide,Paris: Montmartre Guided Walking Tour,5,GetYourGuide traveler – United Kingdom,,2026-06-19,https://www.getyourguide.com/paris-l16/paris-magical-montmartre-without-the-crowds-t592477/,2026-07-09T13:40:36+00:00
getyourguide,Paris: Montmartre Guided Walking Tour,5,Lynn – South Africa,Very knowledgeable pleasant guide and a fun detailed walk,2026-06-19,https://www.getyourguide.com/paris-l16/paris-magical-montmartre-without-the-crowds-t592477/,2026-07-09T13:40:36+00:00
getyourguide,Paris: Montmartre Guided Walking Tour,1,GetYourGuide traveler – United States,,2026-06-18,https://www.getyourguide.com/paris-l16/paris-magical-montmartre-without-the-crowds-t592477/,2026-07-09T13:40:36+00:00
getyourguide,Paris: Montmartre Guided Walking Tour,5,GetYourGuide traveler – Turkey,,2026-06-18,https://www.getyourguide.com/paris-l16/paris-magical-montmartre-without-the-crowds-t592477/,2026-07-09T13:40:36+00:00
getyourguide,Paris: Montmartre Guided Walking Tour,5,Nina – United States,,2026-06-17,https://www.getyourguide.com/paris-l16/paris-magical-montmartre-without-the-crowds-t592477/,2026-07-09T13:40:36+00:00
getyourguide,Paris: Montmartre Guided Walking Tour,5,Mary Jane – United States,,2026-01-07,https://www.getyourguide.com/paris-l16/paris-magical-montmartre-without-the-crowds-t592477/,2026-07-09T13:40:36+00:00
getyourguide,Paris: Marais Guided Tour Without the Crowds,5,Joanne – United Kingdom,Truly excellent experience. Adrian was very knowledgeable and enthusiastic,2026-07-05,https://www.getyourguide.com/paris-l16/paris-marais-without-crowds-guided-tour-t629577/,2026-07-09T13:40:36+00:00
getyourguide,Paris: Marais Guided Tour Without the Crowds,3,GetYourGuide traveler – Canada,,2026-07-03,https://www.getyourguide.com/paris-l16/paris-marais-without-crowds-guided-tour-t629577/,2026-07-09T13:40:36+00:00
getyourguide,Paris: Marais Guided Tour Without the Crowds,5,GetYourGuide traveler – United Kingdom,"This was a great introduction to a part of Paris I hadn't known at all, and found really interesting. I spent the whole of the following day there, and will be going back. And back.",2026-07-02,https://www.getyourguide.com/paris-l16/paris-marais-without-crowds-guided-tour-t629577/,2026-07-09T13:40:36+00:00
getyourguide,Paris: Marais Guided Tour Without the Crowds,5,Alain – Canada,Très bien. Très intéressant pour mieux connaitre cet arrondissement. Le guide était connaissant et aimable.,2026-06-29,https://www.getyourguide.com/paris-l16/paris-marais-without-crowds-guided-tour-t629577/,2026-07-09T13:40:36+00:00
getyourguide,Paris: Marais Guided Tour Without the Crowds,4,Lynnette – United States,,2026-06-28,https://www.getyourguide.com/paris-l16/paris-marais-without-crowds-guided-tour-t629577/,2026-07-09T13:40:36+00:00
getyourguide,Paris: Marais Guided Tour Without the Crowds,5,GetYourGuide traveler – Sweden,,2026-06-28,https://www.getyourguide.com/paris-l16/paris-marais-without-crowds-guided-tour-t629577/,2026-07-09T13:40:36+00:00
getyourguide,Paris: Marais Guided Tour Without the Crowds,5,Tara – United States,It was excellent!,2026-06-25,https://www.getyourguide.com/paris-l16/paris-marais-without-crowds-guided-tour-t629577/,2026-07-09T13:40:36+00:00
getyourguide,Paris: Marais Guided Tour Without the Crowds,5,Alessandra – Italy,"Guida competente ed appassionata. Percorso davvero interessante e utile per scoprire il quartiere. Consiglio di programmare di trascorrere l'intera giornata nel Marais, visitando uno o più tra gli interni indicati dalla guida.",2026-06-20,https://www.getyourguide.com/paris-l16/paris-marais-without-crowds-guided-tour-t629577/,2026-07-09T13:40:36+00:00
getyourguide,Paris: Marais Guided Tour Without the Crowds,5,GetYourGuide traveler – Netherlands,Leo was a great guide and we loved the tour!,2026-06-19,https://www.getyourguide.com/paris-l16/paris-marais-without-crowds-guided-tour-t629577/,2026-07-09T13:40:36+00:00
getyourguide,Paris: Marais Guided Tour Without the Crowds,5,Narmina – United States,,2026-06-18,https://www.getyourguide.com/paris-l16/paris-marais-without-crowds-guided-tour-t629577/,2026-07-09T13:40:36+00:00
getyourguide,Paris: Marais Guided Tour Without the Crowds,5,GetYourGuide traveler – United States,The tour was thorough and the guide did a great job of explaining the history of the Marais.,2026-06-17,https://www.getyourguide.com/paris-l16/paris-marais-without-crowds-guided-tour-t629577/,2026-07-09T13:40:36+00:00
getyourguide,Paris: Marais Guided Tour Without the Crowds,5,Claude – Canada,Excellent guide. Il maîtrise son sujet et nous a vraiment fait connaître ce village au coeur même de Paris.,2026-06-07,https://www.getyourguide.com/paris-l16/paris-marais-without-crowds-guided-tour-t629577/,2026-07-09T13:40:36+00:00
getyourguide,Paris: Evening at Montmartre with a Local Guide,5,teo – Greece,.,2026-07-04,https://www.getyourguide.com/paris-l16/paris-montmartre-at-twilight-tour-with-a-local-guide-t1288952/,2026-07-09T13:40:36+00:00
getyourguide,Paris: Evening at Montmartre with a Local Guide,5,Julie Ann – United States,Yago was great! Very fun tour and very informative.,2026-06-20,https://www.getyourguide.com/paris-l16/paris-montmartre-at-twilight-tour-with-a-local-guide-t1288952/,2026-07-09T13:40:36+00:00
getyourguide,Paris: Evening at Montmartre with a Local Guide,3,Sarah – United States,"We enjoyed the tour, and it was interesting to hit some of the major “spots” in Montmarte. The highlight for me was Van Gogh’s apartment, and of course the beautiful views. I was actually pretty hesitant to tackle the steps up to Sacre Coeur, and as the tour led us gradually up the hill through the back streets and alleys to end at the back of the church, this was the best feature of the tour in my opinion. However, the “personal local touches” that I was expecting were not really apparent, and with a little effort the walk could have been self guided. So I personally would probably opt with a different experience next time.",2026-06-20,https://www.getyourguide.com/paris-l16/paris-montmartre-at-twilight-tour-with-a-local-guide-t1288952/,2026-07-09T13:40:36+00:00
getyourguide,"Paris Left Bank: Writers, Revolution, and Black Coffee",4,GetYourGuide traveler – Norway,,2026-07-01,https://www.getyourguide.com/paris-l16/the-soul-of-paris-latin-quarter-sorbonne-old-town-t788155/,2026-07-09T13:40:36+00:00
getyourguide,"Paris Left Bank: Writers, Revolution, and Black Coffee",5,GetYourGuide traveler – Sweden,,2026-06-19,https://www.getyourguide.com/paris-l16/the-soul-of-paris-latin-quarter-sorbonne-old-town-t788155/,2026-07-09T13:40:36+00:00
guruwalk,The village of Montmartre without the crowds,5,Jamie,J Interesting tour of Montmarte and artistic history,2026-07,https://www.guruwalk.com/walks/46480-the-village-of-montmartre-without-the-crowds,2026-07-13T12:21:58+00:00
guruwalk,The village of Montmartre without the crowds,5,Linda,L We are 2 seniors and we’re concerned that we may not have been able to keep up but the guide minimized the use of steps in a very hilly area and we were fine in spite of the heat.,2026-07,https://www.guruwalk.com/walks/46480-the-village-of-montmartre-without-the-crowds,2026-07-13T12:21:58+00:00
guruwalk,The village of Montmartre without the crowds,5,Michaela,M Anna was lovely! Slowed the pace for being so hot but made sure everyone was good with that which was amazing. Made sure to point out water stops and of course gave all of the interesting facts! 💛,2026-07,https://www.guruwalk.com/walks/46480-the-village-of-montmartre-without-the-crowds,2026-07-13T12:21:58+00:00
guruwalk,Paris Old Town - small group - Notre Dame and Latin Quarter,5,Andrea Miln,"A Enjoyed the tour and the guide, thought it was going to be slightly longer but would definitely still recommend.",2026-07,https://www.guruwalk.com/walks/60568-paris-old-town-small-group-notre-dame-and-latin-quarter,2026-07-15T11:06:37+00:00
freetour,Montmartre Paris Free Tour: Moulin Rouge to Sacre Coeur,5,Lily French,Thank you!,2026-08-31,https://www.freetour.com/paris/montmartre-tour,2026-09-04T13:34:44+00:00
freetour,Montmartre Paris Free Tour: Moulin Rouge to Sacre Coeur,5,Alexandra Wolf,"We were a nice small group of only 8 people. The guide dived into the art background of the district and we discovered the streets in a slow pace, good for taking pictures and taking all in.",2026-08-22,https://www.freetour.com/paris/montmartre-tour,2026-09-04T13:34:44+00:00
freetour,Montmartre Paris Free Tour: Moulin Rouge to Sacre Coeur,5,Leo Hanley,"From start to finish Nemo’s professional, informative, entertaining and welcoming. Highly recommend this tour.",2026-08-12,https://www.freetour.com/paris/montmartre-tour,2026-09-04T13:34:44+00:00
freetour,Montmartre Paris Free Tour: Moulin Rouge to Sacre Coeur,5,Giang Dang,Tour guide was professionally done. She was well prepared and spoke well. Recommended to try eventhough commissions based.,2026-08-11,https://www.freetour.com/paris/montmartre-tour,2026-09-04T13:34:44+00:00
freetour,Montmartre Paris Free Tour: Moulin Rouge to Sacre Coeur,5,Ruzana Ku,The excursion was really interesting and useful,2026-08-10,https://www.freetour.com/paris/montmartre-tour,2026-09-04T13:34:44+00:00
freetour,Montmartre Paris Free Tour: Moulin Rouge to Sacre Coeur,5,Liana Edelman,Did a late afternoon walking tour of Monmarte with Ana. She was an outstanding guide and gave us an excellent understanding of the history of the area and what life was like there. A truly memorable walking tour with plenty of stops for photos. Wear comfortable shoes with good soles.,2026-08-02,https://www.freetour.com/paris/montmartre-tour,2026-09-04T13:34:44+00:00
freetour,Montmartre Paris Free Tour: Moulin Rouge to Sacre Coeur,5,Olga Kupina,"Our fantastic tour guide, Elise, was enthusiastic, knowledgeable, and experienced in all things Montmartre and beyond. We loved the tour, and we appreciated how smooth it was to navigate the hills without feeling exhausted. Elise had an amazing array of cool facts and interesting information as well as entertaining jokes. We saw a lot, were able to ask questions, and discuss different things. Highly recommend!",2026-07-30,https://www.freetour.com/paris/montmartre-tour,2026-09-04T13:34:44+00:00
freetour,Montmartre Paris Free Tour: Moulin Rouge to Sacre Coeur,5,Susanne Yabsley,We had a great guided tour with Maria today. She gave an arty touch to the tour with interesting details. Very much enjoyed it and will always remember as part of our 4 days Paris visit.,2026-07-27,https://www.freetour.com/paris/montmartre-tour,2026-09-04T13:34:44+00:00
freetour,Montmartre Paris Free Tour: Moulin Rouge to Sacre Coeur,5,Francesca Gheza,Such a beautiful tour!,2026-07-25,https://www.freetour.com/paris/montmartre-tour,2026-09-04T13:34:44+00:00
freetour,Montmartre Paris Free Tour: Moulin Rouge to Sacre Coeur,5,Unn Kristin Syverud,We learned a lot and had a good time! Recommend it????,2026-07-25,https://www.freetour.com/paris/montmartre-tour,2026-09-04T13:34:44+00:00
freetour,Le Marais Free Tour: Where Parisians Go,4,Luana Isi,"Nice walking tour through le marais, nice girl leading it. Unfortunately it Rained so it. Was less pleasant",2026-08-31,https://www.freetour.com/paris/free-trendy-marais-tour,2026-09-04T13:34:44+00:00
freetour,Le Marais Free Tour: Where Parisians Go,5,Maja Schirmer,"It was so much fun, and we learned a lot :)",2026-08-31,https://www.freetour.com/paris/free-trendy-marais-tour,2026-09-04T13:34:44+00:00
freetour,Le Marais Free Tour: Where Parisians Go,5,Sandra Riedl,"Excellent Tour, from the start Adrien created a joyfull and loving atmosphere that transposed you into the charm of Le Marais. Very well informed and incredibly historically informative. Did not hesitate to give us insider tips. Truly a great experience.",2026-08-23,https://www.freetour.com/paris/free-trendy-marais-tour,2026-09-04T13:34:44+00:00
freetour,Le Marais Free Tour: Where Parisians Go,5,Alexandra Wolf,I had a tour with Clemence and she went to beautiful places which I would not have found by myself. Really great history knowledge. Would highly recommend this tour,2026-08-23,https://www.freetour.com/paris/free-trendy-marais-tour,2026-09-04T13:34:44+00:00
freetour,Le Marais Free Tour: Where Parisians Go,5,David S Berman,"We thoroughly enjoyed our walking tour of Le Marais! Our guide Adrian was knowledgeable, entertaining and well informed. He gave us a great overview of the history of the district and took us to over 15 places in two hours! The tour was fast paced, dynamic and most enjoyable! Highly recommended!",2026-08-06,https://www.freetour.com/paris/free-trendy-marais-tour,2026-09-04T13:34:44+00:00
freetour,Le Marais Free Tour: Where Parisians Go,5,Jon Jacob,Thoroughly enjoyed the tour by Clements.,2026-08-05,https://www.freetour.com/paris/free-trendy-marais-tour,2026-09-04T13:34:44+00:00
freetour,Le Marais Free Tour: Where Parisians Go,5,Francesca Gheza,Amazing tour!,2026-07-26,https://www.freetour.com/paris/free-trendy-marais-tour,2026-09-04T13:34:44+00:00
freetour,Le Marais Free Tour: Where Parisians Go,5,Joy Shaw,Excellent tour! Very enjoyable and informative. Thank you.,2026-07-18,https://www.freetour.com/paris/free-trendy-marais-tour,2026-09-04T13:34:44+00:00
freetour,Le Marais Free Tour: Where Parisians Go,5,Denise Zammit,Highly recommend this tour The guide was informative and knowledgeable. He was very passionate about the place. He was also very engaging.,2026-09-08,https://www.freetour.com/paris/free-trendy-marais-tour,2026-09-09T13:45:24+00:00
guruwalk,The village of Montmartre without the crowds,5,Jo,excellent!,2026-09,https://www.guruwalk.com/walks/46480-the-village-of-montmartre-without-the-crowds,2026-09-11T15:17:17+00:00
guruwalk,The village of Montmartre without the crowds,5,Liat,It was a very pleasant tour! The guide was charming and patient to all.,2026-09,https://www.guruwalk.com/walks/46480-the-village-of-montmartre-without-the-crowds,2026-09-11T15:17:17+00:00
guruwalk,The village of Montmartre without the crowds,5,Linda,The walking tour was excellent. Leonie was a very professional guide and explained all the history and interesting aspects of the area.,2026-09,https://www.guruwalk.com/walks/46480-the-village-of-montmartre-without-the-crowds,2026-09-11T15:17:17+00:00
guruwalk,The village of Montmartre without the crowds,4.5,Rina,Maria was super knowledgeable and passionate about France and it's history. We learned so much and I saw parts of Paris I wouldn't have stumbled across if I went on my own. Thanks!,2026-09,https://www.guruwalk.com/walks/46480-the-village-of-montmartre-without-the-crowds,2026-09-11T15:17:17+00:00
guruwalk,The village of Montmartre without the crowds,5,Gary Kinsman,"Elise was very considerate. She was concerned that everybody could understand her , in fact her accent and vocabulary was astonishingly good in English. She was informative, funny and enthusiastic. I would thoroughly recommend this Tour. Thank you for a great introduction to Paris and the Parisians.",2026-09,https://www.guruwalk.com/walks/46480-the-village-of-montmartre-without-the-crowds,2026-09-11T15:17:17+00:00
guruwalk,"Le Marais without the crowds, the beating heart of Paris",5,Anna,Liked the tour!! Thanks a lot. Will recommend to everyone who is going to be in Paris.,2026-09,https://www.guruwalk.com/walks/54090-le-marais-without-the-crowds-the-beating-heart-of-paris,2026-09-11T15:17:17+00:00
guruwalk,"Le Marais without the crowds, the beating heart of Paris",5,Sofia,amazing,2026-08,https://www.guruwalk.com/walks/54090-le-marais-without-the-crowds-the-beating-heart-of-paris,2026-09-11T15:17:17+00:00
guruwalk,"Le Marais without the crowds, the beating heart of Paris",5,Ama,Great update guide with lots of interesting information,2026-08,https://www.guruwalk.com/walks/54090-le-marais-without-the-crowds-the-beating-heart-of-paris,2026-09-11T15:17:17+00:00
guruwalk,"Le Marais without the crowds, the beating heart of Paris",5,Nathalie,"Really excellent walk with great little anecdotes in between this professional and entertaining walk, showing some wonderful gems of Paris!",2026-08,https://www.guruwalk.com/walks/54090-le-marais-without-the-crowds-the-beating-heart-of-paris,2026-09-11T15:17:17+00:00
guruwalk,"Le Marais without the crowds, the beating heart of Paris",5,Jacquelin,"The tour was great! It's the perfect mix of background information, walking and conversation. Max was very lovely to talk to!",2026-08,https://www.guruwalk.com/walks/54090-le-marais-without-the-crowds-the-beating-heart-of-paris,2026-09-11T15:17:17+00:00
guruwalk,Paris Old Town - small group - Notre Dame and Latin Quarter,5,Jiunn Jye,Very knowledgeable and passionate guide. Instills a lot of POV in addition to historical tidbits and insights. Entertaining and we were engaged the entire time. Highly recommended,2026-08,https://www.guruwalk.com/walks/60568-paris-old-town-small-group-notre-dame-and-latin-quarter,2026-09-11T15:17:17+00:00
guruwalk,Paris Old Town - small group - Notre Dame and Latin Quarter,5,Ana Laura,"Philip was an amazing guide for this walk through this part of Paris, especially because he has a personal connection to it. He was extremely knowledgeable, kind, and fun. I highly recommend the tour!",2026-08,https://www.guruwalk.com/walks/60568-paris-old-town-small-group-notre-dame-and-latin-quarter,2026-09-11T15:17:17+00:00
guruwalk,"""Paris starts here"" - the tour for first timers. Small Group. From Notre-Dame to Louvre",5,Daniel,It was a great tour that taught us many historic facts! Can recommend,2026-08,https://www.guruwalk.com/walks/55970-paris-starts-here-the-tour-for-first-timers-small-group-from-notre-dame-to-louvre,2026-09-11T15:17:17+00:00
guruwalk,The village of Montmartre without the crowds,5,Jacqueline,"Best walking tour guide I've had. Max was friendly, funny and very informative. He made Montmartre come alive and took us to places we simply would not have happened upon without him. Highly recommend Max 👌",2026-09,https://www.guruwalk.com/walks/46480-the-village-of-montmartre-without-the-crowds,2026-09-12T12:54:34+00:00
guruwalk,The village of Montmartre without the crowds,5,Roy,Nice friendly guide and a small group.,2026-09,https://www.guruwalk.com/walks/46480-the-village-of-montmartre-without-the-crowds,2026-09-13T13:52:00+00:00
guruwalk,"Le Marais without the crowds, the beating heart of Paris",5,Lindy,I loved this walking tour. Adrian was charming and informative. I learned a lot and saw areas I would never have ventured into. Adrian spoke perfect English. Pace was exactly right.,2026-09,https://www.guruwalk.com/walks/54090-le-marais-without-the-crowds-the-beating-heart-of-paris,2026-09-13T13:52:00+00:00
guruwalk,Paris Old Town - small group - Notre Dame and Latin Quarter,5,Kathrin,Er hat einen super mitgerissen. Er hat es geliebt über Architektur zu reden und es war total spannend ihm zuzuhören. Er war sehr qualifziert.,2026-09,https://www.guruwalk.com/walks/60568-paris-old-town-small-group-notre-dame-and-latin-quarter,2026-09-13T13:52:00+00:00
guruwalk,The village of Montmartre without the crowds,5,Martin,"Excellent tour in every respect. The guide knew her stuff and communicated her knowledge really well. Also, the walk was well paced with the group being fully engaged at all times. Many thanks.",2026-09,https://www.guruwalk.com/walks/46480-the-village-of-montmartre-without-the-crowds,2026-09-14T15:57:25+00:00
freetour,Le Marais Free Tour: Where Parisians Go,5,Leslie Davis,Clemence was a great tour guide!,2026-09-15,https://www.freetour.com/paris/free-trendy-marais-tour,2026-09-15T14:22:42+00:00
guruwalk,The village of Montmartre without the crowds,5,Scott,"The guide was extremely knowledgeable, thoughtful, responsive to questions, and sensitive to the needs of the group. Her understanding of the neighborhood and its origins, and art history, were very well communicated in an engaging manner. We have taken many similar tours in Europe and hers was among the best.",2026-09,https://www.guruwalk.com/walks/46480-the-village-of-montmartre-without-the-crowds,2026-09-15T14:23:44+00:00
guruwalk,The village of Montmartre without the crowds,5,Justin,"Anaelle was a lovely tour guide. Communicated very well, demonstrating in depth knowledge of the area. Helpful suggestions. Answered participant questions. Lovely, highly recommended",2026-09,https://www.guruwalk.com/walks/46480-the-village-of-montmartre-without-the-crowds,2026-09-16T14:16:14+00:00
guruwalk,The village of Montmartre without the crowds,5,Johannes,Just parfait !,2026-09,https://www.guruwalk.com/walks/46480-the-village-of-montmartre-without-the-crowds,2026-09-16T14:16:14+00:00
guruwalk,The village of Montmartre without the crowds,5,Jeff Cowley,"Recommended by our travel agent and we are so glad we did it. Guide Leonie was excellent in all respects, it was informative but relaxed and fun. Highly recommend to anyone considering it.",2026-09,https://www.guruwalk.com/walks/46480-the-village-of-montmartre-without-the-crowds,2026-09-16T14:16:14+00:00
guruwalk,The village of Montmartre without the crowds,5,ANA MEŠTROVIĆ,Really great tour!,2026-09,https://www.guruwalk.com/walks/46480-the-village-of-montmartre-without-the-crowds,2026-09-16T14:16:14+00:00
guruwalk,"Le Marais without the crowds, the beating heart of Paris",4.5,Kyle,Great tour of a very engaging part of Paris that we didn't know we'll.,2026-09,https://www.guruwalk.com/walks/54090-le-marais-without-the-crowds-the-beating-heart-of-paris,2026-09-16T14:16:14+00:00
guruwalk,"Le Marais without the crowds, the beating heart of Paris",5,John Wade,"Adrian was brilliant. Entertaining, amusing, informative and engaging. We visited several different sites, and heard great stories - both amusing and tragic. Highly recommended.",2026-09,https://www.guruwalk.com/walks/54090-le-marais-without-the-crowds-the-beating-heart-of-paris,2026-09-16T14:16:14+00:00
guruwalk,The village of Montmartre without the crowds,5,David,"Matthew or Mathieu (not sure which) was a great walking guide, giving us lots of interesting information on Montmartre, while also entertaining us with his humour. Would highly recommend this tour.",2026-09,https://www.guruwalk.com/walks/46480-the-village-of-montmartre-without-the-crowds,2026-09-17T14:22:00+00:00
guruwalk,The village of Montmartre without the crowds,5,Shayna Lane,"Anaelle was amazing. I learnt so much from her. I really enjoyed the tour. Very intellectual. Rarely do I meet such a great guide. Thank You so much 💖 The area is so charming....as night falls everything also starts to light up and be more beautiful.This tour was to avoid the crowds, but there are,also really cute cafes and side streets in the area and you can see them after the tour.",2026-09,https://www.guruwalk.com/walks/46480-the-village-of-montmartre-without-the-crowds,2026-09-17T14:22:00+00:00
freetour,Montmartre Paris Free Tour: Moulin Rouge to Sacre Coeur,4.5,Ann Bittinger,L did a fantastic job. Our bourgeoise bohemian tour exceeded all expectations. She was very funny! I love that she grew up in the 18th arrondissement. It was fun spotting all the Louise Michelle pictures randomly through Montmart. This has been a highlight in a city of highlights.,2026-09-18,https://www.freetour.com/paris/montmartre-tour,2026-09-18T13:38:31+00:00
guruwalk,The village of Montmartre without the crowds,5,Emily,"Camille was awesome! Friendly, funny, very well spoken, and included a nice variety of info as we walked through Montmartre. Perfect length too 👌",2026-09,https://www.guruwalk.com/walks/46480-the-village-of-montmartre-without-the-crowds,2026-09-19T13:13:36+00:00
guruwalk,"Le Marais without the crowds, the beating heart of Paris",5,Catherine,Our guide Adrien was delightful. It was evident that he takes great pride in his city and has a genuine love of and fascination with its history. We learned lots of new things about Le Marais and look forward to going back to check out some of the restaurants and attractions we encountered along the tour!,2026-09,https://www.guruwalk.com/walks/54090-le-marais-without-the-crowds-the-beating-heart-of-paris,2026-09-19T13:13:36+00:00
freetour,Montmartre Paris Free Tour: Moulin Rouge to Sacre Coeur,5,Amanda Nutkins,Amazing friendly and knowledgeable tour guide. Really made the experience come alive. Fantastic!,2026-09-19,https://www.freetour.com/paris/montmartre-tour,2026-09-20T13:38:15+00:00
guruwalk,The village of Montmartre without the crowds,5,Dawn,"Andrea was very knowledgeable, articulate and friendly. She even taught some local residents information regarding the area that they were not aware of. We enjoyed the tour through a quieter side of Montemartre and learning lots of the history of the area.",2026-09,https://www.guruwalk.com/walks/46480-the-village-of-montmartre-without-the-crowds,2026-09-20T13:39:15+00:00
guruwalk,The village of Montmartre without the crowds,5,Christina Redmond,Great walking tour. Such an informative and entertaining guide.,2026-09,https://www.guruwalk.com/walks/46480-the-village-of-montmartre-without-the-crowds,2026-09-20T13:39:15+00:00
guruwalk,The village of Montmartre without the crowds,5,Cathy,"Nicole took us on a quiet walk up through Montmartre, finishing at Sacre Coeur. Her stories were interesting and she had good knowledge of the area. Very enjoyable 90 mins.",2026-09,https://www.guruwalk.com/walks/46480-the-village-of-montmartre-without-the-crowds,2026-09-20T13:39:15+00:00
guruwalk,The village of Montmartre without the crowds,5,Zeynel,Nice tour in an interesting part of Paris.,2026-09,https://www.guruwalk.com/walks/46480-the-village-of-montmartre-without-the-crowds,2026-09-20T13:39:15+00:00
freetour,Montmartre Paris Free Tour: Moulin Rouge to Sacre Coeur,1,Stephen Shade,"Since I booked the tour well in advance and planned my evening around it, it was maddening for the guide to decide she wasnt going to do the tour because "" there werent enough people."" To travel the whole way there and have the guide refuse to do it was rude. I should have been informed beforehand when I could book something else. This signifies an irresponsible company which doesnt care if they waste people's time and plan for the one night in Paris. Do not book with them unless you want your time wasted as well. Plenty of reputable companies to choose from over this mickey mouse outfit",2026-09-20,https://www.freetour.com/paris/montmartre-tour,2026-09-21T15:55:58+00:00
guruwalk,The village of Montmartre without the crowds,5,Karley,The tour was great! Montmartre is very busy so it was nice to have someone to show us around the main sites but also the hidden gems. Our guide was very sweet and entertaining!,2026-09,https://www.guruwalk.com/walks/46480-the-village-of-montmartre-without-the-crowds,2026-09-21T15:56:58+00:00
guruwalk,The village of Montmartre without the crowds,5,Julia,A very personal guide engaging and knowledgeable. Funny and very likeable. Offered over and above what we expected. Highly recommended. Thank you Max!,2026-09,https://www.guruwalk.com/walks/46480-the-village-of-montmartre-without-the-crowds,2026-09-21T15:56:58+00:00
guruwalk,The village of Montmartre without the crowds,5,Jennifer,Very entertaining tour around Montmartre. Stopped at many different places and saw many things we wouldn't have found on our own. Great delivery and humour throughout. Would recommend,2026-09,https://www.guruwalk.com/walks/46480-the-village-of-montmartre-without-the-crowds,2026-09-21T15:56:58+00:00
guruwalk,"Le Marais without the crowds, the beating heart of Paris",5,Parinaz,Max was fabulous. And really made the tour enjoyable,2026-09,https://www.guruwalk.com/walks/54090-le-marais-without-the-crowds-the-beating-heart-of-paris,2026-09-21T15:56:58+00:00
guruwalk,The village of Montmartre without the crowds,5,Tim Graves,Nicole was extremely informative and entertaining. She spoke very clearly and authoritatively. The route was great and we liked everything about it. Thanks Nicole. You are a star. Tim and Nicky (London) and Pam and Doug (Pittsburgh).,2026-09,https://www.guruwalk.com/walks/46480-the-village-of-montmartre-without-the-crowds,2026-09-22T14:05:42+00:00
guruwalk,"Le Marais without the crowds, the beating heart of Paris",5,Cindy,"What a fabulous experience! Our guide was informative, entertaining and enjoyable. We were with our 93 year old mother and our guide made sure he took care of us without taking away from our group. Highlyrecommend this tour through the beautiful Le Marais. Thank you!❤️",2026-09,https://www.guruwalk.com/walks/54090-le-marais-without-the-crowds-the-beating-heart-of-paris,2026-09-22T14:05:42+00:00
guruwalk,Paris Old Town - small group - Notre Dame and Latin Quarter,5,Jeanne,Very good on histories and not at all boring but fun,2026-09,https://www.guruwalk.com/walks/60568-paris-old-town-small-group-notre-dame-and-latin-quarter,2026-09-22T14:05:42+00:00
guruwalk,The village of Montmartre without the crowds,5,Sandra Wilson,Tour was excellent. Leonie was an amazing tour guide. Very knowledgeable and very entertaining!! Highly recommend tour.,2026-09,https://www.guruwalk.com/walks/46480-the-village-of-montmartre-without-the-crowds,2026-09-23T14:18:06+00:00
guruwalk,The village of Montmartre without the crowds,5,Nancy Roberts,"This is the tour to take! Yago took us around all of the must see sites of Montmartre! He was super knowledgeable of the area and researched all aspects of his presentation. Good amount of time (1 1/2 hours) with plenty of time for questions, one on one conversations while walking to next place, and fun explanations of area history. I highly recommend this tour and definitely this tour guide. Thoroughly enjoyed!",2026-09,https://www.guruwalk.com/walks/46480-the-village-of-montmartre-without-the-crowds,2026-09-23T14:18:06+00:00
guruwalk,The village of Montmartre without the crowds,5,Melissa Budinic,"This was a great tour to get an introduction to Montmartre! We saw some excellent views, learned interesting history, and our guide Yago was knowledgeable and engaging. Highly recommend!",2026-09,https://www.guruwalk.com/walks/46480-the-village-of-montmartre-without-the-crowds,2026-09-23T14:18:06+00:00
guruwalk,The village of Montmartre without the crowds,5,Parinaz,Our guides interest in the art and culture was brilliant. And made the whole experience lovely,2026-09,https://www.guruwalk.com/walks/46480-the-village-of-montmartre-without-the-crowds,2026-09-23T14:18:06+00:00
getyourguide,Paris: Montmartre Guided Walking Tour,5,Ioannis – Greece,"Πολύ ευχάριστη και κατατοπιστική ξεναγός η Leo, μας έκανε να αγαπήσουμε την Monmarte ακόμη πιό πολυ και να πούμε ότι η 1,5 ωρα ξενάγηση ήταν λίγη!",2026-09-11,https://www.getyourguide.com/paris-l16/paris-magical-montmartre-without-the-crowds-t592477/,2026-09-12T05:30:52+00:00
getyourguide,Paris: Montmartre Guided Walking Tour,5,Brian – United Kingdom,"It was most enjoyable. Leonie was lively and witty and she chose the route and topics to talk about very well, avoiding the areas crowded with too many tourists and too many souvenir shops.",2026-09-11,https://www.getyourguide.com/paris-l16/paris-magical-montmartre-without-the-crowds-t592477/,2026-09-12T05:30:52+00:00
getyourguide,Paris: Montmartre Guided Walking Tour,5,GetYourGuide traveler – United Kingdom,"Great tour with very friendly and knowledgeable guide and multiple hidden gems, as well as valuable advise and recommendations.",2026-09-11,https://www.getyourguide.com/paris-l16/paris-magical-montmartre-without-the-crowds-t592477/,2026-09-12T05:30:52+00:00
getyourguide,Paris: Montmartre Guided Walking Tour,5,GetYourGuide traveler – Greece,"Excellent tour guide and a truly wonderful person! She was incredibly pleasant, funny and contagious, making the tour a truly unforgettable experience. She gave us a lot of interesting information!",2026-09-10,https://www.getyourguide.com/paris-l16/paris-magical-montmartre-without-the-crowds-t592477/,2026-09-12T05:30:52+00:00
getyourguide,Paris: Montmartre Guided Walking Tour,5,Jessy – Netherlands,,2026-09-08,https://www.getyourguide.com/paris-l16/paris-magical-montmartre-without-the-crowds-t592477/,2026-09-12T05:30:52+00:00
getyourguide,Paris: Montmartre Guided Walking Tour,5,Franco – Argentina,Mathew increíble!!!! El mejor guia hasta ahora.,2026-09-08,https://www.getyourguide.com/paris-l16/paris-magical-montmartre-without-the-crowds-t592477/,2026-09-12T05:30:52+00:00
getyourguide,Paris: Montmartre Guided Walking Tour,5,GetYourGuide traveler – Denmark,Fantastisk tur med skøn guide!,2026-09-08,https://www.getyourguide.com/paris-l16/paris-magical-montmartre-without-the-crowds-t592477/,2026-09-12T05:30:52+00:00
getyourguide,Paris: Montmartre Guided Walking Tour,5,Jessica – United States,Tour guide was great and we learned so much !,2026-09-07,https://www.getyourguide.com/paris-l16/paris-magical-montmartre-without-the-crowds-t592477/,2026-09-12T05:30:52+00:00
getyourguide,Paris: Montmartre Guided Walking Tour,5,GetYourGuide traveler – Croatia,,2026-09-07,https://www.getyourguide.com/paris-l16/paris-magical-montmartre-without-the-crowds-t592477/,2026-09-12T05:30:52+00:00
getyourguide,Paris: Montmartre Guided Walking Tour,5,Derek – United States,"the guide was an actual street artist so he knew most pieces we asked questions about. I think one thing that could improve the tour would be if the guide selected half a dozen artists to feature, and point them out, with a few interesting tidbits about the artist's background, technique, message, or whatever. on our tour we did get all these details, but often in response to questions, at opposed to affirmatively being brought out by the guide. still, the tour is definitely better than just wandering Belleville without knowing what you're looking at",2026-09-06,https://www.getyourguide.com/paris-l16/paris-magical-montmartre-without-the-crowds-t592477/,2026-09-12T05:30:52+00:00
getyourguide,Paris: Marais Guided Tour Without the Crowds,5,GetYourGuide traveler – Bulgaria,,2026-09-11,https://www.getyourguide.com/paris-l16/paris-marais-without-crowds-guided-tour-t629577/,2026-09-12T05:30:52+00:00
getyourguide,Paris: Marais Guided Tour Without the Crowds,5,GetYourGuide traveler – Germany,,2026-09-09,https://www.getyourguide.com/paris-l16/paris-marais-without-crowds-guided-tour-t629577/,2026-09-12T05:30:52+00:00
getyourguide,Paris: Marais Guided Tour Without the Crowds,5,Elja – Netherlands,Prachtig,2026-09-08,https://www.getyourguide.com/paris-l16/paris-marais-without-crowds-guided-tour-t629577/,2026-09-12T05:30:52+00:00
getyourguide,Paris: Marais Guided Tour Without the Crowds,5,GetYourGuide traveler – New Zealand,,2026-09-08,https://www.getyourguide.com/paris-l16/paris-marais-without-crowds-guided-tour-t629577/,2026-09-12T05:30:52+00:00
getyourguide,Paris: Marais Guided Tour Without the Crowds,5,GetYourGuide traveler – Canada,,2026-09-08,https://www.getyourguide.com/paris-l16/paris-marais-without-crowds-guided-tour-t629577/,2026-09-12T05:30:52+00:00
getyourguide,Paris: Marais Guided Tour Without the Crowds,5,GetYourGuide traveler – United States,,2026-09-07,https://www.getyourguide.com/paris-l16/paris-marais-without-crowds-guided-tour-t629577/,2026-09-12T05:30:52+00:00
getyourguide,Paris: Marais Guided Tour Without the Crowds,5,GetYourGuide traveler – Belgium,,2026-09-07,https://www.getyourguide.com/paris-l16/paris-marais-without-crowds-guided-tour-t629577/,2026-09-12T05:30:52+00:00
getyourguide,Paris: Marais Guided Tour Without the Crowds,1,GetYourGuide traveler – South Africa,,2026-09-06,https://www.getyourguide.com/paris-l16/paris-marais-without-crowds-guided-tour-t629577/,2026-09-12T05:30:52+00:00
getyourguide,Paris: Marais Guided Tour Without the Crowds,5,Barbara – Germany,,2026-09-06,https://www.getyourguide.com/paris-l16/paris-marais-without-crowds-guided-tour-t629577/,2026-09-12T05:30:52+00:00
getyourguide,Paris: Marais Guided Tour Without the Crowds,4,Miranda – France,Super,2026-09-05,https://www.getyourguide.com/paris-l16/paris-marais-without-crowds-guided-tour-t629577/,2026-09-12T05:30:52+00:00
getyourguide,Paris: Evening at Montmartre with a Local Guide,5,Stewart – United States,Max was so much fun and enlightening. He loves Paris and his authentic enthusiasm for the city and Montmartre was inspiring. I highly recommend him as a tour guide.,2026-09-09,https://www.getyourguide.com/paris-l16/paris-montmartre-at-twilight-tour-with-a-local-guide-t1288952/,2026-09-12T05:30:52+00:00
getyourguide,Paris: Evening at Montmartre with a Local Guide,5,Rudolf – Austria,Our guide was as cheerfull as her pink west. Really enjoyed the tour.,2026-08-02,https://www.getyourguide.com/paris-l16/paris-montmartre-at-twilight-tour-with-a-local-guide-t1288952/,2026-09-12T05:30:52+00:00
getyourguide,Paris: Evening at Montmartre with a Local Guide,5,GetYourGuide traveler – United States,,2026-07-22,https://www.getyourguide.com/paris-l16/paris-montmartre-at-twilight-tour-with-a-local-guide-t1288952/,2026-09-12T05:30:52+00:00
getyourguide,Paris: Evening at Montmartre with a Local Guide,5,GetYourGuide traveler – United States,,2026-07-16,https://www.getyourguide.com/paris-l16/paris-montmartre-at-twilight-tour-with-a-local-guide-t1288952/,2026-09-12T05:30:52+00:00
getyourguide,Notre-Dame to Louvre: Paris' Best in 90 Minutes with a Local,5,GetYourGuide traveler – United Arab Emirates,,2026-09-10,https://www.getyourguide.com/paris-l16/paris-icons-express-tour-notre-dame-to-louvre-small-group-t691539/,2026-09-12T05:30:52+00:00
getyourguide,Notre-Dame to Louvre: Paris' Best in 90 Minutes with a Local,5,Tim – Germany,"Mega tolle Tour Wir hatten eine sehr gute Reiseführerin Emie und sie hat uns viele tolle Sehenswürdigkeiten von Paris gezeigt. Von Notre-Dame als Anfang und zu Louvre zum Schluss. Wir konnten viele Fragen stellen, die sehr ausführlich beantwortet wurden. Mega freundlich und verständlich.",2026-09-05,https://www.getyourguide.com/paris-l16/paris-icons-express-tour-notre-dame-to-louvre-small-group-t691539/,2026-09-12T05:30:52+00:00
getyourguide,Notre-Dame to Louvre: Paris' Best in 90 Minutes with a Local,1,GetYourGuide traveler – United States,,2026-08-24,https://www.getyourguide.com/paris-l16/paris-icons-express-tour-notre-dame-to-louvre-small-group-t691539/,2026-09-12T05:30:52+00:00
getyourguide,Notre-Dame to Louvre: Paris' Best in 90 Minutes with a Local,5,Daniel – Germany,Sehr gut,2026-08-22,https://www.getyourguide.com/paris-l16/paris-icons-express-tour-notre-dame-to-louvre-small-group-t691539/,2026-09-12T05:30:52+00:00
getyourguide,Notre-Dame to Louvre: Paris' Best in 90 Minutes with a Local,5,GetYourGuide traveler – Germany,,2026-08-16,https://www.getyourguide.com/paris-l16/paris-icons-express-tour-notre-dame-to-louvre-small-group-t691539/,2026-09-12T05:30:52+00:00
getyourguide,Notre-Dame to Louvre: Paris' Best in 90 Minutes with a Local,2,GetYourGuide traveler – France,"Bonjour, nous avons pensé au départ que les visites qu'il s'agisse dans cathédrale avec le guide et nous avons payé 15€ Par personne, malheureusement avec notre guide était prévu que les extérieures donc il fallut de nouveau faire le que pendant 2h, voilà notre journée, cordialement",2026-07-28,https://www.getyourguide.com/paris-l16/paris-icons-express-tour-notre-dame-to-louvre-small-group-t691539/,2026-09-12T05:30:52+00:00
getyourguide,"Paris Left Bank: Writers, Revolution, and Black Coffee",5,GetYourGuide traveler – United Kingdom,,2026-09-07,https://www.getyourguide.com/paris-l16/the-soul-of-paris-latin-quarter-sorbonne-old-town-t788155/,2026-09-12T05:30:52+00:00
getyourguide,"Paris Left Bank: Writers, Revolution, and Black Coffee",5,Betsy – United States,"This was one of the most enjoyable and informative tours ive ever taken. Audrey’s knowledge of architecture and history added substance where other guides might have used banal filler. And yet, her descriptions were easy to understand. Whether youre teturning to Paris ir taki g your first trip, book this tour!",2026-08-04,https://www.getyourguide.com/paris-l16/the-soul-of-paris-latin-quarter-sorbonne-old-town-t788155/,2026-09-12T05:30:52+00:00
getyourguide,Paris: Flea Market Insider's Tour in an Extra-Small Group,5,Paula – United States,Xxxxx Thing Behind h u do I try to gf s in graph f r h h I on,2026-08-25,https://www.getyourguide.com/paris-l16/paris-flea-market-insider-s-tour-extra-small-group-tour-t16624/,2026-09-12T05:30:52+00:00
getyourguide,Paris: Flea Market Insider's Tour in an Extra-Small Group,5,Stephen – United States,"Great tour! Tobias was an extraordinary guide. His well-traveled background and clear curiosity, both for what fueled my interest and what he might find anew, made for an informative and joyful tour. Once he’d assessed my interests he brought the most-suitable market pavilions to life by sharing their histories and the stories/passions of a number of the vendors. All this while suffering through a bit of a cold, and kindly wearing a face mask.",2026-07-27,https://www.getyourguide.com/paris-l16/paris-flea-market-insider-s-tour-extra-small-group-tour-t16624/,2026-09-12T05:30:52+00:00
getyourguide,Paris: Montmartre Guided Walking Tour,5,Merve – Belgium,"J’ai passé un super voyage avec Eliz ! Elle a vraiment été une excellente accompagnatrice : professionnelle, attentionnée et toujours de bonne humeur. J’ai particulièrement adoré son humour et sa façon de rendre chaque moment encore plus agréable. Elle a créé une super ambiance dans le groupe et a vraiment contribué à rendre ce voyage inoubliable. Merci Eliz pour ton énergie et ta bonne humeur ! ❤️",2026-09-06,https://www.getyourguide.com/paris-l16/paris-magical-montmartre-without-the-crowds-t592477/,2026-09-12T05:33:43+00:00
getyourguide,Paris: Montmartre Guided Walking Tour,4,GetYourGuide traveler – United Kingdom,"Loved the historical information. The guide was super friendly, knowledgable and helpful.",2026-09-06,https://www.getyourguide.com/paris-l16/paris-magical-montmartre-without-the-crowds-t592477/,2026-09-12T05:33:43+00:00
getyourguide,Paris: Montmartre Guided Walking Tour,5,Samantha – United Kingdom,great fun hide was very knowledgable.,2026-09-06,https://www.getyourguide.com/paris-l16/paris-magical-montmartre-without-the-crowds-t592477/,2026-09-12T05:33:43+00:00
getyourguide,Paris: Montmartre Guided Walking Tour,5,Cathy – United States,Maria was extremely personable & knowledgeable. I highly recommend her!,2026-09-05,https://www.getyourguide.com/paris-l16/paris-magical-montmartre-without-the-crowds-t592477/,2026-09-12T05:33:43+00:00
getyourguide,Paris: Montmartre Guided Walking Tour,5,Vincent – France,La visite était formidable ! Camille était passionnante et souriante. Je recommande !,2026-09-04,https://www.getyourguide.com/paris-l16/paris-magical-montmartre-without-the-crowds-t592477/,2026-09-12T05:33:43+00:00
getyourguide,Paris: Montmartre Guided Walking Tour,5,Adrienne – United States,interesting information. interesting neighborhood. good pace,2026-09-03,https://www.getyourguide.com/paris-l16/paris-magical-montmartre-without-the-crowds-t592477/,2026-09-12T05:33:43+00:00
getyourguide,Paris: Montmartre Guided Walking Tour,5,GetYourGuide traveler – Germany,Tolle Tour! Unsere Guide Camilla war fantastisch! 100% Weiterempfehlung!,2026-09-02,https://www.getyourguide.com/paris-l16/paris-magical-montmartre-without-the-crowds-t592477/,2026-09-12T05:33:43+00:00
getyourguide,Paris: Montmartre Guided Walking Tour,5,Julie – Australia,Great. Loved hearing the history and seeing things along the way.,2026-09-02,https://www.getyourguide.com/paris-l16/paris-magical-montmartre-without-the-crowds-t592477/,2026-09-12T05:33:43+00:00
getyourguide,Paris: Montmartre Guided Walking Tour,5,Melinda – France,,2026-09-02,https://www.getyourguide.com/paris-l16/paris-magical-montmartre-without-the-crowds-t592477/,2026-09-12T05:33:43+00:00
getyourguide,Paris: Montmartre Guided Walking Tour,5,GetYourGuide traveler – United Kingdom,Good not too much walking steady pace and Romaen was informative.,2026-08-30,https://www.getyourguide.com/paris-l16/paris-magical-montmartre-without-the-crowds-t592477/,2026-09-12T05:33:43+00:00
getyourguide,Paris: Montmartre Guided Walking Tour,5,Holly – United States,Perfect size group less than 10 to be able to engage and chat with our guide Camille. We loved hearing the stories and experiences of the area!,2026-08-30,https://www.getyourguide.com/paris-l16/paris-magical-montmartre-without-the-crowds-t592477/,2026-09-12T05:33:43+00:00
getyourguide,Paris: Montmartre Guided Walking Tour,4,GetYourGuide traveler – Italy,,2026-08-29,https://www.getyourguide.com/paris-l16/paris-magical-montmartre-without-the-crowds-t592477/,2026-09-12T05:33:43+00:00
getyourguide,Paris: Montmartre Guided Walking Tour,5,GetYourGuide traveler – Australia,,2026-08-29,https://www.getyourguide.com/paris-l16/paris-magical-montmartre-without-the-crowds-t592477/,2026-09-12T05:33:43+00:00
getyourguide,Paris: Montmartre Guided Walking Tour,5,GetYourGuide traveler – Germany,Es war eine rundum gelungene Tour und unsere Tour Begleitung war sehr sehr nett und hat sehr begeistert über Montmartre berichtet. Kurzweilig und schön,2026-08-27,https://www.getyourguide.com/paris-l16/paris-magical-montmartre-without-the-crowds-t592477/,2026-09-12T05:33:43+00:00
getyourguide,Paris: Montmartre Guided Walking Tour,5,GetYourGuide traveler – United Kingdom,Lovely to learn about the area from a local. Clear and detailed information gave a real feel for the place rather than just wandering around ourselves.,2026-08-27,https://www.getyourguide.com/paris-l16/paris-magical-montmartre-without-the-crowds-t592477/,2026-09-12T05:33:43+00:00
getyourguide,Paris: Montmartre Guided Walking Tour,5,Diane D – United States,Max was personable knowledgeable very engaging and a perfect guide. We had a great time exploring Montmartre and loved learning about this area of France. Highly recommend Max!,2026-08-27,https://www.getyourguide.com/paris-l16/paris-magical-montmartre-without-the-crowds-t592477/,2026-09-12T05:33:43+00:00
getyourguide,Paris: Montmartre Guided Walking Tour,5,GetYourGuide traveler – Australia,,2026-08-26,https://www.getyourguide.com/paris-l16/paris-magical-montmartre-without-the-crowds-t592477/,2026-09-12T05:33:43+00:00
getyourguide,Paris: Montmartre Guided Walking Tour,5,William – United Kingdom,Camille was lovely and so insightful! She took the time to answer everyone’s questions and had a really great sense of humour. Would 100% recommend !,2026-08-26,https://www.getyourguide.com/paris-l16/paris-magical-montmartre-without-the-crowds-t592477/,2026-09-12T05:33:43+00:00
getyourguide,Paris: Montmartre Guided Walking Tour,5,David – United Kingdom,The walking tour was relaxed and informative. Our guide was excellent. He spoke clearly and enthusiastically and I saw a different side to Montmartre to me exploring it by myself.,2026-08-25,https://www.getyourguide.com/paris-l16/paris-magical-montmartre-without-the-crowds-t592477/,2026-09-12T05:33:43+00:00
getyourguide,Paris: Montmartre Guided Walking Tour,3,GetYourGuide traveler – United States,,2026-08-24,https://www.getyourguide.com/paris-l16/paris-magical-montmartre-without-the-crowds-t592477/,2026-09-12T05:33:43+00:00
getyourguide,Paris: Montmartre Guided Walking Tour,5,Nataliya – Russia,"We had a wonderful walk with Max. As it was our first day in Paris, we got remarkable moments which will stay in our memory, especially the church Secret Hearts (amazing). Max has a nice sense of humour and elegant French accent which I also liked a lot alongside with the excursion itself.",2026-08-23,https://www.getyourguide.com/paris-l16/paris-magical-montmartre-without-the-crowds-t592477/,2026-09-12T05:33:43+00:00
getyourguide,Paris: Montmartre Guided Walking Tour,5,GetYourGuide traveler – Denmark,,2026-08-23,https://www.getyourguide.com/paris-l16/paris-magical-montmartre-without-the-crowds-t592477/,2026-09-12T05:33:43+00:00
getyourguide,Paris: Montmartre Guided Walking Tour,5,GetYourGuide traveler – Germany,"Wir fanden die Führung sehr spannend und empfehlen jedem das zu machen! Der Leiter war sehr sympathisch, erfahren, kompetent und vor allem guter Erzähler! Er hat uns Falten, aber auch Stories erzählt und dann noch gute Empfehlungen für unsere weitere Unternehmungen gemacht. Wir waren begeistert!",2026-08-23,https://www.getyourguide.com/paris-l16/paris-magical-montmartre-without-the-crowds-t592477/,2026-09-12T05:33:43+00:00
getyourguide,Paris: Montmartre Guided Walking Tour,4,Tobias – Germany,"Die Tour war sehr gut, es war halt nicht viel aber der Guide war nett. Das rechtfertigt aber nicht den Preis. Es kam mir generell so vor als gäbe es keine offiziellen Tickets mehr weil alle Guides die Tickes gekauft und teurer mit einer kurzen Tour verkauft haben.",2026-08-20,https://www.getyourguide.com/paris-l16/paris-magical-montmartre-without-the-crowds-t592477/,2026-09-12T05:33:43+00:00
getyourguide,Paris: Montmartre Guided Walking Tour,5,GetYourGuide traveler – Germany,Sehr interessante Tour,2026-08-20,https://www.getyourguide.com/paris-l16/paris-magical-montmartre-without-the-crowds-t592477/,2026-09-12T05:33:43+00:00
getyourguide,Paris: Montmartre Guided Walking Tour,3,GetYourGuide traveler – South Korea,,2026-08-19,https://www.getyourguide.com/paris-l16/paris-magical-montmartre-without-the-crowds-t592477/,2026-09-12T05:33:43+00:00
getyourguide,Paris: Montmartre Guided Walking Tour,5,GetYourGuide traveler – Canada,,2026-08-19,https://www.getyourguide.com/paris-l16/paris-magical-montmartre-without-the-crowds-t592477/,2026-09-12T05:33:43+00:00
getyourguide,Paris: Montmartre Guided Walking Tour,5,Henrik – Denmark,,2026-08-18,https://www.getyourguide.com/paris-l16/paris-magical-montmartre-without-the-crowds-t592477/,2026-09-12T05:33:43+00:00
getyourguide,Paris: Montmartre Guided Walking Tour,5,GetYourGuide traveler – Portugal,,2026-08-17,https://www.getyourguide.com/paris-l16/paris-magical-montmartre-without-the-crowds-t592477/,2026-09-12T05:33:43+00:00
getyourguide,Paris: Montmartre Guided Walking Tour,4,GetYourGuide traveler – Greece,,2026-08-17,https://www.getyourguide.com/paris-l16/paris-magical-montmartre-without-the-crowds-t592477/,2026-09-12T05:33:43+00:00
getyourguide,Paris: Montmartre Guided Walking Tour,4,GetYourGuide traveler – Austria,"A m pleasant and entertaining walking tour of Montmartre. It was relaxed, enjoyable and nicely sprinkled with the typical Montmartre stereotypes and stories you would expect. Overall, a great way to discover the area. The only thing I found a little uncomfortable was the rather insistent request for a tip at the end. I did give one anyway, as I would have done voluntarily, but I think this could have been handled with a little more discretion and restraint",2026-08-17,https://www.getyourguide.com/paris-l16/paris-magical-montmartre-without-the-crowds-t592477/,2026-09-12T05:33:43+00:00
getyourguide,Paris: Montmartre Guided Walking Tour,5,Maria – Australia,Visiting the Montmatre district was just so amazing. Such a wonderful history lesson,2026-08-17,https://www.getyourguide.com/paris-l16/paris-magical-montmartre-without-the-crowds-t592477/,2026-09-12T05:33:43+00:00
getyourguide,Paris: Montmartre Guided Walking Tour,5,GetYourGuide traveler – China,,2026-08-16,https://www.getyourguide.com/paris-l16/paris-magical-montmartre-without-the-crowds-t592477/,2026-09-12T05:33:43+00:00
getyourguide,Paris: Montmartre Guided Walking Tour,5,GetYourGuide traveler – France,,2026-08-15,https://www.getyourguide.com/paris-l16/paris-magical-montmartre-without-the-crowds-t592477/,2026-09-12T05:33:43+00:00
getyourguide,Paris: Montmartre Guided Walking Tour,5,GetYourGuide traveler – United States,,2026-08-15,https://www.getyourguide.com/paris-l16/paris-magical-montmartre-without-the-crowds-t592477/,2026-09-12T05:33:43+00:00
getyourguide,Paris: Montmartre Guided Walking Tour,5,GetYourGuide traveler – United States,Maria was great! She took us all over Montmartre and helped us to get oriented to a new place very quickly. We learned a lot about the history and vibrant culture that this neighborhood is known for. I highly recommend this tour!,2026-08-14,https://www.getyourguide.com/paris-l16/paris-magical-montmartre-without-the-crowds-t592477/,2026-09-12T05:33:43+00:00
getyourguide,Paris: Montmartre Guided Walking Tour,5,Thibault – Morocco,Maria très gentille et compétente ! Je recommande !,2026-08-14,https://www.getyourguide.com/paris-l16/paris-magical-montmartre-without-the-crowds-t592477/,2026-09-12T05:33:43+00:00
getyourguide,Paris: Montmartre Guided Walking Tour,5,Roger – Germany,She was a great and funny guide. We really loved the tour!,2026-08-11,https://www.getyourguide.com/paris-l16/paris-magical-montmartre-without-the-crowds-t592477/,2026-09-12T05:33:43+00:00
getyourguide,Paris: Montmartre Guided Walking Tour,5,GetYourGuide traveler – United States,It was very informative.,2026-08-10,https://www.getyourguide.com/paris-l16/paris-magical-montmartre-without-the-crowds-t592477/,2026-09-12T05:33:43+00:00
getyourguide,Paris: Montmartre Guided Walking Tour,5,GetYourGuide traveler – Australia,,2026-08-09,https://www.getyourguide.com/paris-l16/paris-magical-montmartre-without-the-crowds-t592477/,2026-09-12T05:33:43+00:00
getyourguide,Paris: Montmartre Guided Walking Tour,5,GetYourGuide traveler – United States,,2026-08-08,https://www.getyourguide.com/paris-l16/paris-magical-montmartre-without-the-crowds-t592477/,2026-09-12T05:33:43+00:00
getyourguide,Paris: Montmartre Guided Walking Tour,5,Tracey – United Kingdom,Absolutely loved it thank you Leo 😎😎🇫🇷🇫🇷🎉🎉🎉,2026-08-07,https://www.getyourguide.com/paris-l16/paris-magical-montmartre-without-the-crowds-t592477/,2026-09-12T05:33:43+00:00
getyourguide,Paris: Montmartre Guided Walking Tour,5,GetYourGuide traveler – Germany,Montmatre wurde humorvoll gezeigt. Uns wurden einige Tipps mit auf den Weg gegeben und auch sonst konnte man alles fragen. Ich würde die Tour empfehlen.,2026-08-07,https://www.getyourguide.com/paris-l16/paris-magical-montmartre-without-the-crowds-t592477/,2026-09-12T05:33:43+00:00
getyourguide,Paris: Montmartre Guided Walking Tour,5,GetYourGuide traveler – Canada,,2026-08-06,https://www.getyourguide.com/paris-l16/paris-magical-montmartre-without-the-crowds-t592477/,2026-09-12T05:33:43+00:00
getyourguide,Paris: Montmartre Guided Walking Tour,5,Mariam – Germany,"Alex is the best guide in Paris :D Very well organized, very knowledgeable guide.",2026-08-06,https://www.getyourguide.com/paris-l16/paris-magical-montmartre-without-the-crowds-t592477/,2026-09-12T05:33:43+00:00
getyourguide,Paris: Montmartre Guided Walking Tour,5,GetYourGuide traveler – Switzerland,,2026-08-05,https://www.getyourguide.com/paris-l16/paris-magical-montmartre-without-the-crowds-t592477/,2026-09-12T05:33:43+00:00
getyourguide,Paris: Montmartre Guided Walking Tour,5,GetYourGuide traveler – Netherlands,Very interesting!,2026-08-05,https://www.getyourguide.com/paris-l16/paris-magical-montmartre-without-the-crowds-t592477/,2026-09-12T05:33:43+00:00
getyourguide,Paris: Montmartre Guided Walking Tour,5,GetYourGuide traveler – Ireland,,2026-08-04,https://www.getyourguide.com/paris-l16/paris-magical-montmartre-without-the-crowds-t592477/,2026-09-12T05:33:43+00:00
getyourguide,Paris: Montmartre Guided Walking Tour,5,Mayeline – Belgium,Super leuk,2026-08-03,https://www.getyourguide.com/paris-l16/paris-magical-montmartre-without-the-crowds-t592477/,2026-09-12T05:33:43+00:00
getyourguide,Paris: Montmartre Guided Walking Tour,5,GetYourGuide traveler – United States,,2026-08-03,https://www.getyourguide.com/paris-l16/paris-magical-montmartre-without-the-crowds-t592477/,2026-09-12T05:33:43+00:00
getyourguide,Paris: Montmartre Guided Walking Tour,5,GetYourGuide traveler – Japan,,2026-08-02,https://www.getyourguide.com/paris-l16/paris-magical-montmartre-without-the-crowds-t592477/,2026-09-12T05:33:43+00:00
getyourguide,Paris: Montmartre Guided Walking Tour,5,GetYourGuide traveler – Germany,"bester Guide und beste Tour die wir je hatten. Viele Hintergrund Infos, alle Fragen beantwortet. Top!!",2026-08-02,https://www.getyourguide.com/paris-l16/paris-magical-montmartre-without-the-crowds-t592477/,2026-09-12T05:33:43+00:00
getyourguide,Paris: Montmartre Guided Walking Tour,5,GetYourGuide traveler – Belgium,,2026-08-01,https://www.getyourguide.com/paris-l16/paris-magical-montmartre-without-the-crowds-t592477/,2026-09-12T05:33:43+00:00
getyourguide,Paris: Montmartre Guided Walking Tour,5,Konsta – Finland,"Excellent tour with nice pace and lot of interesting history of area. Also nice little details of pop culture relating to area. It is walking tour to steep hill. So if you have trouble walking, climbing steps and steep ramps, this is not good for you.",2026-07-31,https://www.getyourguide.com/paris-l16/paris-magical-montmartre-without-the-crowds-t592477/,2026-09-12T05:33:43+00:00
getyourguide,Paris: Montmartre Guided Walking Tour,5,GetYourGuide traveler – United States,Excellent tour.,2026-07-31,https://www.getyourguide.com/paris-l16/paris-magical-montmartre-without-the-crowds-t592477/,2026-09-12T05:33:43+00:00
getyourguide,Paris: Montmartre Guided Walking Tour,5,Amanda – United States,Our guide was wonderful!,2026-07-28,https://www.getyourguide.com/paris-l16/paris-magical-montmartre-without-the-crowds-t592477/,2026-09-12T05:33:43+00:00
getyourguide,Paris: Montmartre Guided Walking Tour,5,GetYourGuide traveler – Germany,,2026-07-28,https://www.getyourguide.com/paris-l16/paris-magical-montmartre-without-the-crowds-t592477/,2026-09-12T05:33:43+00:00
getyourguide,Paris: Montmartre Guided Walking Tour,5,GetYourGuide traveler – Turkey,,2026-07-28,https://www.getyourguide.com/paris-l16/paris-magical-montmartre-without-the-crowds-t592477/,2026-09-12T05:33:43+00:00
getyourguide,Paris: Montmartre Guided Walking Tour,5,GetYourGuide traveler – France,Magnifique,2026-07-28,https://www.getyourguide.com/paris-l16/paris-magical-montmartre-without-the-crowds-t592477/,2026-09-12T05:33:43+00:00
getyourguide,Paris: Montmartre Guided Walking Tour,3,GetYourGuide traveler – Australia,,2026-07-27,https://www.getyourguide.com/paris-l16/paris-magical-montmartre-without-the-crowds-t592477/,2026-09-12T05:33:43+00:00
getyourguide,Paris: Montmartre Guided Walking Tour,5,GetYourGuide traveler – Germany,"Tolle Führung mit interessanten Hintergründen zu Kunst und Kultur. Sehr zu empfehlen, da man Montmartre auch von einer anderen Seite kennenlernt.",2026-07-24,https://www.getyourguide.com/paris-l16/paris-magical-montmartre-without-the-crowds-t592477/,2026-09-12T05:33:43+00:00
getyourguide,Paris: Montmartre Guided Walking Tour,5,GetYourGuide traveler – Ireland,,2026-07-24,https://www.getyourguide.com/paris-l16/paris-magical-montmartre-without-the-crowds-t592477/,2026-09-12T05:33:43+00:00
getyourguide,Paris: Montmartre Guided Walking Tour,5,Gaurav – Malaysia,"Amazing, my guide was doing phd in Arts, so you can imagine knowledge she have to share",2026-07-23,https://www.getyourguide.com/paris-l16/paris-magical-montmartre-without-the-crowds-t592477/,2026-09-12T05:33:43+00:00
getyourguide,Paris: Montmartre Guided Walking Tour,5,GetYourGuide traveler – United States,,2026-07-23,https://www.getyourguide.com/paris-l16/paris-magical-montmartre-without-the-crowds-t592477/,2026-09-12T05:33:43+00:00
getyourguide,Paris: Montmartre Guided Walking Tour,5,GetYourGuide traveler – Germany,,2026-07-23,https://www.getyourguide.com/paris-l16/paris-magical-montmartre-without-the-crowds-t592477/,2026-09-12T05:33:43+00:00
getyourguide,Paris: Montmartre Guided Walking Tour,5,Iraides – Brazil,,2026-07-23,https://www.getyourguide.com/paris-l16/paris-magical-montmartre-without-the-crowds-t592477/,2026-09-12T05:33:43+00:00
getyourguide,Paris: Montmartre Guided Walking Tour,5,Chuck – United States,Excellent. Liz was very entertaining and knowledgeable.,2026-07-23,https://www.getyourguide.com/paris-l16/paris-magical-montmartre-without-the-crowds-t592477/,2026-09-12T05:33:43+00:00
getyourguide,Paris: Montmartre Guided Walking Tour,5,GetYourGuide traveler – United States,,2026-07-22,https://www.getyourguide.com/paris-l16/paris-magical-montmartre-without-the-crowds-t592477/,2026-09-12T05:33:43+00:00
getyourguide,Paris: Montmartre Guided Walking Tour,5,GetYourGuide traveler – Canada,"Maria was great and very engaging, she catered some information to our kids and answered all of their questions.",2026-07-22,https://www.getyourguide.com/paris-l16/paris-magical-montmartre-without-the-crowds-t592477/,2026-09-12T05:33:43+00:00
getyourguide,Paris: Montmartre Guided Walking Tour,5,GetYourGuide traveler – Israel,,2026-07-22,https://www.getyourguide.com/paris-l16/paris-magical-montmartre-without-the-crowds-t592477/,2026-09-12T05:33:43+00:00
getyourguide,Paris: Montmartre Guided Walking Tour,5,Judy – Canada,"Loved our guide Leo! She was funny, very knowledgeable and entertaining . Would definitely recommend her to anyone interested in the montmartre area",2026-07-21,https://www.getyourguide.com/paris-l16/paris-magical-montmartre-without-the-crowds-t592477/,2026-09-12T05:33:43+00:00
getyourguide,Paris: Montmartre Guided Walking Tour,5,GetYourGuide traveler – United Kingdom,,2026-07-21,https://www.getyourguide.com/paris-l16/paris-magical-montmartre-without-the-crowds-t592477/,2026-09-12T05:33:43+00:00
getyourguide,Paris: Montmartre Guided Walking Tour,5,Femke Derks van de Ven - – Netherlands,De tour was prima. Maria was een vriendelijke gids.,2026-07-20,https://www.getyourguide.com/paris-l16/paris-magical-montmartre-without-the-crowds-t592477/,2026-09-12T05:33:43+00:00
getyourguide,Paris: Montmartre Guided Walking Tour,5,GetYourGuide traveler – United States,,2026-07-20,https://www.getyourguide.com/paris-l16/paris-magical-montmartre-without-the-crowds-t592477/,2026-09-12T05:33:43+00:00
getyourguide,Paris: Montmartre Guided Walking Tour,5,GetYourGuide traveler – Italy,Super!,2026-07-20,https://www.getyourguide.com/paris-l16/paris-magical-montmartre-without-the-crowds-t592477/,2026-09-12T05:33:43+00:00
getyourguide,Paris: Montmartre Guided Walking Tour,5,Grace – Australia,"Max our guide was fantastic - so friendly, funny and informative! We loved learning so much more about the culture and history of Montmartre, it made us appreciate the detail of our surroundings down to the water fountains",2026-07-19,https://www.getyourguide.com/paris-l16/paris-magical-montmartre-without-the-crowds-t592477/,2026-09-12T05:33:43+00:00
getyourguide,Paris: Montmartre Guided Walking Tour,5,GetYourGuide traveler – United States,,2026-07-18,https://www.getyourguide.com/paris-l16/paris-magical-montmartre-without-the-crowds-t592477/,2026-09-12T05:33:43+00:00
getyourguide,Paris: Montmartre Guided Walking Tour,5,Line – Denmark,Fantastisk!,2026-07-17,https://www.getyourguide.com/paris-l16/paris-magical-montmartre-without-the-crowds-t592477/,2026-09-12T05:33:43+00:00
getyourguide,Paris: Montmartre Guided Walking Tour,5,GetYourGuide traveler – United States,,2026-07-17,https://www.getyourguide.com/paris-l16/paris-magical-montmartre-without-the-crowds-t592477/,2026-09-12T05:33:43+00:00
getyourguide,Paris: Montmartre Guided Walking Tour,5,GetYourGuide traveler – Sweden,Jättebra och engagerad guide!,2026-07-17,https://www.getyourguide.com/paris-l16/paris-magical-montmartre-without-the-crowds-t592477/,2026-09-12T05:33:43+00:00
getyourguide,Paris: Montmartre Guided Walking Tour,5,Daniela – Germany,Nicole erzählte uns viele interessante Geschichten rund um das Künstlerviertel und seine aktuellen und ehemaligen Bewohner. Sie führte uns durch wunderschöne Straßenzüge.,2026-07-17,https://www.getyourguide.com/paris-l16/paris-magical-montmartre-without-the-crowds-t592477/,2026-09-12T05:33:43+00:00
getyourguide,Paris: Montmartre Guided Walking Tour,4,Frank – Germany,,2026-07-17,https://www.getyourguide.com/paris-l16/paris-magical-montmartre-without-the-crowds-t592477/,2026-09-12T05:33:43+00:00
getyourguide,Paris: Montmartre Guided Walking Tour,5,GetYourGuide traveler – Germany,"Very good Guide, very interesting Tour!",2026-07-16,https://www.getyourguide.com/paris-l16/paris-magical-montmartre-without-the-crowds-t592477/,2026-09-12T05:33:43+00:00
getyourguide,Paris: Montmartre Guided Walking Tour,5,GetYourGuide traveler – Netherlands,"Erg leuk, aanrader!",2026-07-16,https://www.getyourguide.com/paris-l16/paris-magical-montmartre-without-the-crowds-t592477/,2026-09-12T05:33:43+00:00
getyourguide,Paris: Montmartre Guided Walking Tour,5,GetYourGuide traveler – United States,Our tour guide Matthew was awesome! He was born and raised in Paris and was able to share certain details and facts that others may not have been able to. He was friendly and personable. The tour was great- the stops and views were amazing! Highly recommend doing this if you have the time and want to learn about this specific area of Paris.,2026-07-15,https://www.getyourguide.com/paris-l16/paris-magical-montmartre-without-the-crowds-t592477/,2026-09-12T05:33:43+00:00
getyourguide,Paris: Montmartre Guided Walking Tour,5,Hannah – United States,Our guide is funny and we all had a great time! Highly recommended!,2026-07-14,https://www.getyourguide.com/paris-l16/paris-magical-montmartre-without-the-crowds-t592477/,2026-09-12T05:33:43+00:00
getyourguide,Paris: Montmartre Guided Walking Tour,4,GetYourGuide traveler – Greece,,2026-07-13,https://www.getyourguide.com/paris-l16/paris-magical-montmartre-without-the-crowds-t592477/,2026-09-12T05:33:43+00:00
getyourguide,Paris: Montmartre Guided Walking Tour,5,GetYourGuide traveler – Austria,Very nice!,2026-07-12,https://www.getyourguide.com/paris-l16/paris-magical-montmartre-without-the-crowds-t592477/,2026-09-12T05:33:43+00:00
getyourguide,Paris: Montmartre Guided Walking Tour,5,GetYourGuide traveler – United States,Incredible Guide!,2026-07-12,https://www.getyourguide.com/paris-l16/paris-magical-montmartre-without-the-crowds-t592477/,2026-09-12T05:33:43+00:00
getyourguide,Paris: Montmartre Guided Walking Tour,3,Vincenzo – Italy,"La guida dovrebbe usare un microfono e le persone dovrebbero avere un auricolare come visto in altri posti, perché a causa dei rumori stradali e della guida che parlava troppo veloce, non si riusciva a seguire tutto.",2026-07-11,https://www.getyourguide.com/paris-l16/paris-magical-montmartre-without-the-crowds-t592477/,2026-09-12T05:33:43+00:00
getyourguide,Paris: Montmartre Guided Walking Tour,5,Olive – United Kingdom,"The tour guide, Anna, was very friendly. As well as being knowledgeable, she adjusted the tour, slowly the pace because of warm weather. The pace also worked well for older tourists. Lovely friendly lady who amazingly knew everyone’s name. Incredible value for money, I would highly recommend.",2026-07-10,https://www.getyourguide.com/paris-l16/paris-magical-montmartre-without-the-crowds-t592477/,2026-09-12T05:33:43+00:00
getyourguide,Paris: Montmartre Guided Walking Tour,5,Elena – Germany,,2026-03-28,https://www.getyourguide.com/paris-l16/paris-magical-montmartre-without-the-crowds-t592477/,2026-09-12T05:33:43+00:00
getyourguide,Paris: Montmartre Guided Walking Tour,5,Michelon – France,,2026-03-07,https://www.getyourguide.com/paris-l16/paris-magical-montmartre-without-the-crowds-t592477/,2026-09-12T05:33:43+00:00
getyourguide,Paris: Marais Guided Tour Without the Crowds,5,GetYourGuide traveler – United States,Great!,2026-09-05,https://www.getyourguide.com/paris-l16/paris-marais-without-crowds-guided-tour-t629577/,2026-09-12T05:33:43+00:00
getyourguide,Paris: Marais Guided Tour Without the Crowds,3,GetYourGuide traveler – Canada,"This tour was just ok. Guide was not very engaging. Not really any fun stories, more like “here we are at such and such and that’s it. She was unable to answer several questions that people in the group had. I would not recommend this tour.",2026-09-04,https://www.getyourguide.com/paris-l16/paris-marais-without-crowds-guided-tour-t629577/,2026-09-12T05:33:43+00:00
getyourguide,Paris: Marais Guided Tour Without the Crowds,5,Fiona – Australia,"Nil was fabulous, best tour I’ve been on.",2026-09-03,https://www.getyourguide.com/paris-l16/paris-marais-without-crowds-guided-tour-t629577/,2026-09-12T05:33:43+00:00
getyourguide,Paris: Marais Guided Tour Without the Crowds,4,GetYourGuide traveler – Australia,Great small group walking tour with Clementine our very knowledgeable and personable guide. Enjoyed exploring and learning more about Paris life in the turbulent past and today. Also coming across a flea market was a bonus of exploring later in the day,2026-09-02,https://www.getyourguide.com/paris-l16/paris-marais-without-crowds-guided-tour-t629577/,2026-09-12T05:33:43+00:00
getyourguide,Paris: Marais Guided Tour Without the Crowds,5,GetYourGuide traveler – Canada,Fantastic tour with a fantastic guide (Adrien)!,2026-08-30,https://www.getyourguide.com/paris-l16/paris-marais-without-crowds-guided-tour-t629577/,2026-09-12T05:33:43+00:00
getyourguide,Paris: Marais Guided Tour Without the Crowds,5,David – United States,,2026-08-30,https://www.getyourguide.com/paris-l16/paris-marais-without-crowds-guided-tour-t629577/,2026-09-12T05:33:43+00:00
getyourguide,Paris: Marais Guided Tour Without the Crowds,5,GetYourGuide traveler – Romania,Ghidul a facut ca acest tur sa fie foarte interesant. Mi-a placut foarte mult!,2026-08-29,https://www.getyourguide.com/paris-l16/paris-marais-without-crowds-guided-tour-t629577/,2026-09-12T05:33:43+00:00
getyourguide,Paris: Marais Guided Tour Without the Crowds,5,GetYourGuide traveler – France,,2026-08-28,https://www.getyourguide.com/paris-l16/paris-marais-without-crowds-guided-tour-t629577/,2026-09-12T05:33:43+00:00
getyourguide,Paris: Marais Guided Tour Without the Crowds,5,Judith – Australia,I thoroughly enjoyed the meander through the streets of Le Marais and hearing about its history. Our guide Clemence was very knowledgeable and made the tour very enjoyable.,2026-08-28,https://www.getyourguide.com/paris-l16/paris-marais-without-crowds-guided-tour-t629577/,2026-09-12T05:33:43+00:00
getyourguide,Paris: Marais Guided Tour Without the Crowds,5,Lucy – United Kingdom,Clémence was extremely knowledgeable and knew so much about the history of the area. We would never have seen this part of Paris. It’s stunning and has so many nice places to see and explore. The tour was set at a relaxing pace and would be suitable for all ages and mobility. I highly recommend.,2026-08-28,https://www.getyourguide.com/paris-l16/paris-marais-without-crowds-guided-tour-t629577/,2026-09-12T05:33:43+00:00
getyourguide,Paris: Marais Guided Tour Without the Crowds,5,Martina – Austria,,2026-08-27,https://www.getyourguide.com/paris-l16/paris-marais-without-crowds-guided-tour-t629577/,2026-09-12T05:33:43+00:00
getyourguide,Paris: Marais Guided Tour Without the Crowds,5,GetYourGuide traveler – France,visite très intéressante et guide passionnée qui a pris le temps de nous faire quelques traductions en français car nous n'avions pas vu qu'elle était en anglais !,2026-08-26,https://www.getyourguide.com/paris-l16/paris-marais-without-crowds-guided-tour-t629577/,2026-09-12T05:33:43+00:00
getyourguide,Paris: Marais Guided Tour Without the Crowds,5,GetYourGuide traveler – Germany,,2026-08-26,https://www.getyourguide.com/paris-l16/paris-marais-without-crowds-guided-tour-t629577/,2026-09-12T05:33:43+00:00
getyourguide,Paris: Marais Guided Tour Without the Crowds,5,GetYourGuide traveler – Canada,"Garrett was a wonderful guide. Knowledgeable, multilingual, and well prepared. Great way to learn about the rich history of Le Marais.",2026-08-25,https://www.getyourguide.com/paris-l16/paris-marais-without-crowds-guided-tour-t629577/,2026-09-12T05:33:43+00:00
getyourguide,Paris: Marais Guided Tour Without the Crowds,4,Cathy – Australia,"Adrien was a wonderful guide, very knowledgeable and took us to hidden gems in the Marais. He spent extra time ensuring we understood the rich history of the district.",2026-08-25,https://www.getyourguide.com/paris-l16/paris-marais-without-crowds-guided-tour-t629577/,2026-09-12T05:33:43+00:00
getyourguide,Paris: Marais Guided Tour Without the Crowds,4,Ran David – Israel,,2026-08-24,https://www.getyourguide.com/paris-l16/paris-marais-without-crowds-guided-tour-t629577/,2026-09-12T05:33:43+00:00
getyourguide,Paris: Marais Guided Tour Without the Crowds,5,Donna – Australia,"Max was a very entertaining guide. We learned a lot about Le Marais while having a few laughs along the way. A great tour thank you. Donna & Mike, Australia",2026-08-22,https://www.getyourguide.com/paris-l16/paris-marais-without-crowds-guided-tour-t629577/,2026-09-12T05:33:43+00:00
getyourguide,Paris: Marais Guided Tour Without the Crowds,5,GetYourGuide traveler – Germany,"Gerrit hat uns so viele spannende historische Einblicke gegeben, die versteckten Seiten gezeigt und Tipps für den weiteren Tag gegeben. 90 min vergingen total schnell. Besten Dank!",2026-08-22,https://www.getyourguide.com/paris-l16/paris-marais-without-crowds-guided-tour-t629577/,2026-09-12T05:33:43+00:00
getyourguide,Paris: Marais Guided Tour Without the Crowds,5,GetYourGuide traveler – United States,,2026-08-20,https://www.getyourguide.com/paris-l16/paris-marais-without-crowds-guided-tour-t629577/,2026-09-12T05:33:43+00:00
getyourguide,Paris: Marais Guided Tour Without the Crowds,5,Karen – United States,Adrien did a great job. We so appreciate a good guided tour! I highly recommend,2026-08-20,https://www.getyourguide.com/paris-l16/paris-marais-without-crowds-guided-tour-t629577/,2026-09-12T05:33:43+00:00
getyourguide,Paris: Marais Guided Tour Without the Crowds,5,Helen – United States,"The weather was very hot, but the tour was still terrific. It gave us a great starting knowledge of the Marais district.",2026-08-19,https://www.getyourguide.com/paris-l16/paris-marais-without-crowds-guided-tour-t629577/,2026-09-12T05:33:43+00:00
getyourguide,Paris: Marais Guided Tour Without the Crowds,3,Sunil – India,"Our guide Adrien was polite and attentive. He has a nervous habit of laughing at the end of most sentences, which is distracting. I think he spent too much time on gardens and less on the historic areas. His jokes could be better. At Place Vosges, he removed his high visibility pink jacket which then made it very difficult for me to see him among the many tourists snd locals. I had to ask our group members as to where he was!! He should carry a flag if the heat is an issue.",2026-08-18,https://www.getyourguide.com/paris-l16/paris-marais-without-crowds-guided-tour-t629577/,2026-09-12T05:33:43+00:00
getyourguide,Paris: Marais Guided Tour Without the Crowds,5,Alan – United Arab Emirates,,2026-08-18,https://www.getyourguide.com/paris-l16/paris-marais-without-crowds-guided-tour-t629577/,2026-09-12T05:33:43+00:00
getyourguide,Paris: Marais Guided Tour Without the Crowds,5,Annette – Germany,"Sehr schöne, informative Tour. Jederzeit gerne wieder.",2026-08-18,https://www.getyourguide.com/paris-l16/paris-marais-without-crowds-guided-tour-t629577/,2026-09-12T05:33:43+00:00
getyourguide,Paris: Marais Guided Tour Without the Crowds,5,GetYourGuide traveler – Austria,"Tour with Adrien through the Marais was great. You could really tell how much he enjoys what he does. Our group was very interested, which made the tour even more enjoyable. Away from the usual tourist crowds, we were able to discover the history of Paris, learn lots of new things, and find some wonderful hidden gems and beautiful courtyards. A truly enjoyable experience and definitely highly recommended!",2026-08-17,https://www.getyourguide.com/paris-l16/paris-marais-without-crowds-guided-tour-t629577/,2026-09-12T05:33:43+00:00
getyourguide,Paris: Marais Guided Tour Without the Crowds,5,GetYourGuide traveler – Germany,"Der sehr freundliche, charmante Guide war hinsichtlich seines Wissens , welches er durch gute Erklärungen uns vermittelte, ausgezeichnet !",2026-08-17,https://www.getyourguide.com/paris-l16/paris-marais-without-crowds-guided-tour-t629577/,2026-09-12T05:33:43+00:00
getyourguide,Paris: Marais Guided Tour Without the Crowds,5,Marilyn – United States,Guide showed us all the important highlights of the area and was helpful finding our way after the tour was over.,2026-08-15,https://www.getyourguide.com/paris-l16/paris-marais-without-crowds-guided-tour-t629577/,2026-09-12T05:33:43+00:00
getyourguide,Paris: Marais Guided Tour Without the Crowds,5,Francis – France,"Max est un très bon guide: cultivé, agréable, avec de l humour. il propose des prolongements possibles à la promenade. Son Anglais est facilement compréhensible aux Français. Notre petit groupe Pérou, Allemagne, France c'était une découverte.",2026-08-15,https://www.getyourguide.com/paris-l16/paris-marais-without-crowds-guided-tour-t629577/,2026-09-12T05:33:43+00:00
getyourguide,Paris: Marais Guided Tour Without the Crowds,5,GetYourGuide traveler – Germany,"die tour war super, mein guide war toll, es war lustig und ich kam zu ecken, in die ich alleine nicht gekommen wäre",2026-08-14,https://www.getyourguide.com/paris-l16/paris-marais-without-crowds-guided-tour-t629577/,2026-09-12T05:33:43+00:00
getyourguide,Paris: Marais Guided Tour Without the Crowds,5,GetYourGuide traveler – France,,2026-08-14,https://www.getyourguide.com/paris-l16/paris-marais-without-crowds-guided-tour-t629577/,2026-09-12T05:33:43+00:00
getyourguide,Paris: Marais Guided Tour Without the Crowds,5,Donnette – United States,"Was skeptical but we decided to at least try! Got to the mtg point 30 minutes early. Had a chance to walk around a bit while feeling anxious. Then a few people started coming to the location so we felt better. The tour guide arrived in her pink vest as detailed in our meetup details. She was a little shy but very knowledgeable about history, architecture, & had so much info to share. I have knee issues but the pace was bearable & the 2 hours went by very quickly. We were able to ask questions & the answers were spot on. Made note on places we wanted to visit after the tour. All in all - very good value on our money ~ booking another Tour now that this first went so well!!",2026-08-12,https://www.getyourguide.com/paris-l16/paris-marais-without-crowds-guided-tour-t629577/,2026-09-12T05:33:43+00:00
getyourguide,Paris: Marais Guided Tour Without the Crowds,5,GetYourGuide traveler – Austria,,2026-08-12,https://www.getyourguide.com/paris-l16/paris-marais-without-crowds-guided-tour-t629577/,2026-09-12T05:33:43+00:00
getyourguide,Paris: Marais Guided Tour Without the Crowds,5,Kirstin – Germany,Toller Guide. Die Tour war eine Bereicherung.,2026-08-12,https://www.getyourguide.com/paris-l16/paris-marais-without-crowds-guided-tour-t629577/,2026-09-12T05:33:43+00:00
getyourguide,Paris: Marais Guided Tour Without the Crowds,5,GetYourGuide traveler – Australia,"Audrey, our guide was excellent. Tour nice & flat & very interesting. Got to see & hear the history of many things we would never found ourselves. Don.",2026-08-12,https://www.getyourguide.com/paris-l16/paris-marais-without-crowds-guided-tour-t629577/,2026-09-12T05:33:43+00:00
getyourguide,Paris: Marais Guided Tour Without the Crowds,5,GetYourGuide traveler – United States,We had a wonderful tour! Well worth the time and money in order to get oriented to a new place. Le Marais is a vibrant neighborhood with rich history. Highly recommended!,2026-08-11,https://www.getyourguide.com/paris-l16/paris-marais-without-crowds-guided-tour-t629577/,2026-09-12T05:33:43+00:00
getyourguide,Paris: Marais Guided Tour Without the Crowds,5,GetYourGuide traveler – France,super guide anglais très sympa qui m à traduit les commentaires en français très très bien,2026-08-10,https://www.getyourguide.com/paris-l16/paris-marais-without-crowds-guided-tour-t629577/,2026-09-12T05:33:43+00:00
getyourguide,Paris: Marais Guided Tour Without the Crowds,5,Steve – United Kingdom,Really great to get out and see important sights. Without the guide knowledge we would not have known what we saw. Enjoyed the tour immensely,2026-08-09,https://www.getyourguide.com/paris-l16/paris-marais-without-crowds-guided-tour-t629577/,2026-09-12T05:33:43+00:00
getyourguide,Paris: Marais Guided Tour Without the Crowds,5,Alyssa – United States,Guide was lovely and was very informative!,2026-08-05,https://www.getyourguide.com/paris-l16/paris-marais-without-crowds-guided-tour-t629577/,2026-09-12T05:33:43+00:00
getyourguide,Paris: Marais Guided Tour Without the Crowds,5,Dirk – Belgium,Edouan was een zeer goede en vriendelijke gids die ons de mooiste plekjes van Le Marais heeft laten zien voorzien van deskundige uitleg.,2026-08-04,https://www.getyourguide.com/paris-l16/paris-marais-without-crowds-guided-tour-t629577/,2026-09-12T05:33:43+00:00
getyourguide,Paris: Marais Guided Tour Without the Crowds,5,Lia – Netherlands,Adrien told us very interesting stories about the history of Le Marais. He’s a very good guide. Très gentille et sympathique. Merci beaucoup! Lia,2026-08-03,https://www.getyourguide.com/paris-l16/paris-marais-without-crowds-guided-tour-t629577/,2026-09-12T05:33:43+00:00
getyourguide,Paris: Marais Guided Tour Without the Crowds,5,Karina – Austria,Adrien prepared a very interesting tour and shared his great knowledge of Le Marais and French history with a lot humor and love. Le Marais is a must see tour if you want to understand the beauty of Paris.,2026-08-03,https://www.getyourguide.com/paris-l16/paris-marais-without-crowds-guided-tour-t629577/,2026-09-12T05:33:43+00:00
getyourguide,Paris: Marais Guided Tour Without the Crowds,4,Mina – Canada,,2026-08-02,https://www.getyourguide.com/paris-l16/paris-marais-without-crowds-guided-tour-t629577/,2026-09-12T05:33:43+00:00
getyourguide,Paris: Marais Guided Tour Without the Crowds,5,Ank – United Kingdom,"Knowledgeable guide, friendly, patient, and took us to parts of the Marais I had not been to before. He also spoke excellent English. I enjoyed it very much.",2026-08-02,https://www.getyourguide.com/paris-l16/paris-marais-without-crowds-guided-tour-t629577/,2026-09-12T05:33:43+00:00
getyourguide,Paris: Marais Guided Tour Without the Crowds,5,Debra – United Kingdom,"Our guide, Maria? From Switzerland was amazing. So much info and very interesting and informative. She even stayed on half an hour and took us to the beautiful site where Jewish children were rescued. The best day in Le Marais!!",2026-07-29,https://www.getyourguide.com/paris-l16/paris-marais-without-crowds-guided-tour-t629577/,2026-09-12T05:33:43+00:00
getyourguide,Paris: Marais Guided Tour Without the Crowds,3,Stephen – United States,The guide was pleasant but spoke too softly even after being asked to please speak louder. Also he was frequently laughing and giggling for no apparent reason- perhaps nervousness? It was very distracting.,2026-07-28,https://www.getyourguide.com/paris-l16/paris-marais-without-crowds-guided-tour-t629577/,2026-09-12T05:33:43+00:00
getyourguide,Paris: Marais Guided Tour Without the Crowds,5,Anton – Denmark,,2026-07-27,https://www.getyourguide.com/paris-l16/paris-marais-without-crowds-guided-tour-t629577/,2026-09-12T05:33:43+00:00
getyourguide,Paris: Marais Guided Tour Without the Crowds,5,Wiebke – South Africa,"The tour guide, Adrienne, delivered what was promised ... a tour showing us parts of the Marais not every tourist gets to see and telling us with much humour about some of the people that mattered in years gone by ... informative and entertaining ...",2026-07-27,https://www.getyourguide.com/paris-l16/paris-marais-without-crowds-guided-tour-t629577/,2026-09-12T05:33:43+00:00
getyourguide,Paris: Marais Guided Tour Without the Crowds,5,Stephen – United States,"A unique and informative look into the rich history and importance of Le Marais, from its start as a swamp, to the vegetable garden of Paris, and onward to today. Our guide was engaging as a great storyteller, as well as a great selector of diverse and compelling stories about each time period. Highly recommend!",2026-07-26,https://www.getyourguide.com/paris-l16/paris-marais-without-crowds-guided-tour-t629577/,2026-09-12T05:33:43+00:00
getyourguide,Paris: Marais Guided Tour Without the Crowds,5,Mathias – Germany,"sehr schöne Tour mit kompetenter Guide, die hervorragendes Englisch spricht.",2026-07-22,https://www.getyourguide.com/paris-l16/paris-marais-without-crowds-guided-tour-t629577/,2026-09-12T05:33:43+00:00
getyourguide,Paris: Marais Guided Tour Without the Crowds,4,GetYourGuide traveler – United States,,2026-07-21,https://www.getyourguide.com/paris-l16/paris-marais-without-crowds-guided-tour-t629577/,2026-09-12T05:33:43+00:00
getyourguide,Paris: Marais Guided Tour Without the Crowds,5,Elfriede – Austria,Sehr gute Erklärungen. Habe das Viertel mit neuen Augen gesehen. Preis-Leistungsverhäktnis hervorragend!,2026-07-19,https://www.getyourguide.com/paris-l16/paris-marais-without-crowds-guided-tour-t629577/,2026-09-12T05:33:43+00:00
getyourguide,Paris: Marais Guided Tour Without the Crowds,5,natasha – United States,Clemence was extremely knowledgeable and personable. She gave us valuable insight to the area and its fascinating history,2026-07-19,https://www.getyourguide.com/paris-l16/paris-marais-without-crowds-guided-tour-t629577/,2026-09-12T05:33:43+00:00
getyourguide,Paris: Marais Guided Tour Without the Crowds,5,ROLLAIS – France,Super visite piétonnière d'une heure trente tranquille. Ce guide nous a fait passé par des petits chemins et nous a montré plein de monuments historiques très intéressants. J'étais ravie.,2026-07-19,https://www.getyourguide.com/paris-l16/paris-marais-without-crowds-guided-tour-t629577/,2026-09-12T05:33:43+00:00
getyourguide,Paris: Marais Guided Tour Without the Crowds,5,David – United Kingdom,"Very good Adrian was very knowledgeable, friendly and enthusiastic",2026-07-19,https://www.getyourguide.com/paris-l16/paris-marais-without-crowds-guided-tour-t629577/,2026-09-12T05:33:43+00:00
getyourguide,Paris: Marais Guided Tour Without the Crowds,5,Katy – United States,Very informative and engaging!,2026-07-15,https://www.getyourguide.com/paris-l16/paris-marais-without-crowds-guided-tour-t629577/,2026-09-12T05:33:43+00:00
getyourguide,Paris: Marais Guided Tour Without the Crowds,5,GetYourGuide traveler – Germany,,2026-07-14,https://www.getyourguide.com/paris-l16/paris-marais-without-crowds-guided-tour-t629577/,2026-09-12T05:33:43+00:00
getyourguide,Paris: Marais Guided Tour Without the Crowds,5,Ella – Israel,,2026-07-13,https://www.getyourguide.com/paris-l16/paris-marais-without-crowds-guided-tour-t629577/,2026-09-12T05:33:43+00:00
getyourguide,Paris: Marais Guided Tour Without the Crowds,4,GetYourGuide traveler – Canada,,2026-07-12,https://www.getyourguide.com/paris-l16/paris-marais-without-crowds-guided-tour-t629577/,2026-09-12T05:33:43+00:00
getyourguide,Paris: Marais Guided Tour Without the Crowds,5,Carolyn – United States,"Adrian was super! Learned about the neighborhood’s history over hundreds of years. The pace was unhurried, and the ideas helped guide the rest of my day - he had great recommendations!",2026-07-11,https://www.getyourguide.com/paris-l16/paris-marais-without-crowds-guided-tour-t629577/,2026-09-12T05:33:43+00:00
getyourguide,Paris: Marais Guided Tour Without the Crowds,5,GetYourGuide traveler – Netherlands,,2026-07-11,https://www.getyourguide.com/paris-l16/paris-marais-without-crowds-guided-tour-t629577/,2026-09-12T05:33:43+00:00
getyourguide,Paris: Marais Guided Tour Without the Crowds,5,Andrea – New Zealand,Brilliant guide. Adrian was patient and kind,2026-07-11,https://www.getyourguide.com/paris-l16/paris-marais-without-crowds-guided-tour-t629577/,2026-09-12T05:33:43+00:00
getyourguide,Paris: Marais Guided Tour Without the Crowds,5,Helen – United States,"Our tour guide, Laura, made us feel like we were exploring Marais with a good friend. She was very engaging and enthusiastic when describing the points of interest along our route. I felt like many of the places we would not have discovered on our own and certainly would not have known the interesting history associated with it. Highly recommend this tour!",2025-12-18,https://www.getyourguide.com/paris-l16/paris-marais-without-crowds-guided-tour-t629577/,2026-09-12T05:33:43+00:00
getyourguide,Notre-Dame to Louvre: Paris' Best in 90 Minutes with a Local,5,Aga – Denmark,Anbefaler turen,2025-03-30,https://www.getyourguide.com/paris-l16/paris-icons-express-tour-notre-dame-to-louvre-small-group-t691539/,2026-09-12T05:33:43+00:00
getyourguide,Notre-Dame to Louvre: Paris' Best in 90 Minutes with a Local,5,Даниела – Bulgaria,Приятна разходка. Интелигентен и добре информиран екскуровод. Писходяща за първо посещение на Париж. Препоръчвам!,2024-11-22,https://www.getyourguide.com/paris-l16/paris-icons-express-tour-notre-dame-to-louvre-small-group-t691539/,2026-09-12T05:33:43+00:00
getyourguide,Paris: Flea Market Insider's Tour in an Extra-Small Group,5,Karen – United States,"Great introduction to the flea market, giving us pointers to avoid the knock offs and scams and enjoy the real places to explore.",2024-09-20,https://www.getyourguide.com/paris-l16/paris-flea-market-insider-s-tour-extra-small-group-tour-t16624/,2026-09-12T05:33:43+00:00
getyourguide,Paris: Flea Market Insider's Tour in an Extra-Small Group,5,GetYourGuide traveler,"Tour guide was the best! He was friendly, fun and very knowledgeable. We had a great time discovering the Paris Flea Market with him. Thank you!",2022-07-11,https://www.getyourguide.com/paris-l16/paris-flea-market-insider-s-tour-extra-small-group-tour-t16624/,2026-09-12T05:33:43+00:00
getyourguide,Paris: Montmartre Guided Walking Tour,5,Meryl – United States,Guide was very well versed in the area and provided an enjoyable tour!!,2026-09-23,https://www.getyourguide.com/paris-l16/paris-magical-montmartre-without-the-crowds-t592477/,2026-09-24T03:53:17+00:00
getyourguide,Paris: Montmartre Guided Walking Tour,2,GetYourGuide traveler – United States,,2026-09-23,https://www.getyourguide.com/paris-l16/paris-magical-montmartre-without-the-crowds-t592477/,2026-09-24T03:53:17+00:00
getyourguide,Paris: Montmartre Guided Walking Tour,4,GetYourGuide traveler – Greece,,2026-09-23,https://www.getyourguide.com/paris-l16/paris-magical-montmartre-without-the-crowds-t592477/,2026-09-24T03:53:17+00:00
getyourguide,Paris: Montmartre Guided Walking Tour,5,Rosany Longo – Brazil,A guia nos mostrou os pontos mais importantes de Montmartre e também várias outras curiosidades.,2026-09-22,https://www.getyourguide.com/paris-l16/paris-magical-montmartre-without-the-crowds-t592477/,2026-09-24T03:53:17+00:00
getyourguide,Paris: Montmartre Guided Walking Tour,5,GetYourGuide traveler – Germany,Super!,2026-09-21,https://www.getyourguide.com/paris-l16/paris-magical-montmartre-without-the-crowds-t592477/,2026-09-24T03:53:17+00:00
getyourguide,Paris: Montmartre Guided Walking Tour,5,Harry – Australia,A great introduction to the area for a first time visitor - set me up well for making the most of my day in Montmartre.,2026-09-21,https://www.getyourguide.com/paris-l16/paris-magical-montmartre-without-the-crowds-t592477/,2026-09-24T03:53:17+00:00
getyourguide,Paris: Montmartre Guided Walking Tour,5,Zanet – Slovenia,Very Nice and expert,2026-09-20,https://www.getyourguide.com/paris-l16/paris-magical-montmartre-without-the-crowds-t592477/,2026-09-24T03:53:17+00:00
getyourguide,Paris: Montmartre Guided Walking Tour,5,John – New Zealand,,2026-09-20,https://www.getyourguide.com/paris-l16/paris-magical-montmartre-without-the-crowds-t592477/,2026-09-24T03:53:17+00:00
getyourguide,Paris: Montmartre Guided Walking Tour,5,GetYourGuide traveler – Greece,,2026-09-20,https://www.getyourguide.com/paris-l16/paris-magical-montmartre-without-the-crowds-t592477/,2026-09-24T03:53:17+00:00
getyourguide,Paris: Montmartre Guided Walking Tour,5,GetYourGuide traveler – United States,Great tour with a fantastic guide. You learn a lot and the views are stunning,2026-09-20,https://www.getyourguide.com/paris-l16/paris-magical-montmartre-without-the-crowds-t592477/,2026-09-24T03:53:17+00:00
getyourguide,Paris: Marais Guided Tour Without the Crowds,5,Rita – United States,"Max was excellent…we covered a lot of ground and it was fascinating and a great orientation to the area, La Marais, where we were staying. It was very, very inexpensive compared to most tours. Also, on our scheduled date we couldn’t find the meeting point and they were very gracious about rescheduling and available for the communication required to do so.",2026-09-21,https://www.getyourguide.com/paris-l16/paris-marais-without-crowds-guided-tour-t629577/,2026-09-24T03:53:17+00:00
getyourguide,Paris: Marais Guided Tour Without the Crowds,5,Thad – United States,Adrian gave us a very informative overview of the Marias distict. He also accommodated one of our group members who used a power wheelchair very effectively.,2026-09-20,https://www.getyourguide.com/paris-l16/paris-marais-without-crowds-guided-tour-t629577/,2026-09-24T03:53:17+00:00
getyourguide,Paris: Marais Guided Tour Without the Crowds,5,FABRICE – France,,2026-09-20,https://www.getyourguide.com/paris-l16/paris-marais-without-crowds-guided-tour-t629577/,2026-09-24T03:53:17+00:00
getyourguide,Paris: Marais Guided Tour Without the Crowds,4,GetYourGuide traveler – Norway,,2026-09-19,https://www.getyourguide.com/paris-l16/paris-marais-without-crowds-guided-tour-t629577/,2026-09-24T03:53:17+00:00
getyourguide,Paris: Marais Guided Tour Without the Crowds,5,Kimberly – United States,I had a great time on the Marais without Crowds tour! Adrien was a great tour guide! He was very kind and funny and he did a great job explaining the history of the area. I was running ten minutes late and he messaged me to help me join the tour at the second stop. I was impressed by how well coordinated it all was. It was very good value for the money and very interesting. I highly recommend it!,2026-09-19,https://www.getyourguide.com/paris-l16/paris-marais-without-crowds-guided-tour-t629577/,2026-09-24T03:53:17+00:00
getyourguide,Paris: Marais Guided Tour Without the Crowds,5,GetYourGuide traveler – Germany,,2026-09-19,https://www.getyourguide.com/paris-l16/paris-marais-without-crowds-guided-tour-t629577/,2026-09-24T03:53:17+00:00
getyourguide,Paris: Marais Guided Tour Without the Crowds,5,GetYourGuide traveler – Germany,"Adrian ist ein großartiger Guide, sehr freundlich und kenntnisreich. Die Tour eröffnete uns neue ungeahnte Perspektiven. Auch in einer Notfallsituation behielt Adrian den Überblick und handelte souverän.",2026-09-18,https://www.getyourguide.com/paris-l16/paris-marais-without-crowds-guided-tour-t629577/,2026-09-24T03:53:17+00:00
getyourguide,Paris: Marais Guided Tour Without the Crowds,5,GetYourGuide traveler – Brazil,,2026-09-16,https://www.getyourguide.com/paris-l16/paris-marais-without-crowds-guided-tour-t629577/,2026-09-24T03:53:17+00:00
getyourguide,Paris: Marais Guided Tour Without the Crowds,5,Lynn – United States,"Max was great!! He made sure the group was all together before starting to describe points of interest, and offered to make recommendations for those wanting to explore additionally in Le Marais",2026-09-15,https://www.getyourguide.com/paris-l16/paris-marais-without-crowds-guided-tour-t629577/,2026-09-24T03:53:17+00:00
getyourguide,Paris: Marais Guided Tour Without the Crowds,5,GetYourGuide traveler – Hungary,,2026-09-12,https://www.getyourguide.com/paris-l16/paris-marais-without-crowds-guided-tour-t629577/,2026-09-24T03:53:17+00:00
getyourguide,Paris: Evening at Montmartre with a Local Guide,5,GetYourGuide traveler – United States,,2026-09-20,https://www.getyourguide.com/paris-l16/paris-montmartre-at-twilight-tour-with-a-local-guide-t1288952/,2026-09-24T03:53:17+00:00
getyourguide,Paris: Evening at Montmartre with a Local Guide,1,neptune – United Kingdom,Tour never happened as guide didn’t show up or there was an error with the platform. Either way it ruined my Saturday night in Paris through zero fault of my own. Terrible,2026-09-13,https://www.getyourguide.com/paris-l16/paris-montmartre-at-twilight-tour-with-a-local-guide-t1288952/,2026-09-24T03:53:17+00:00
getyourguide,"Paris Left Bank: Writers, Revolution, and Black Coffee",5,Tim – United Kingdom,Very good,2026-09-13,https://www.getyourguide.com/paris-l16/the-soul-of-paris-latin-quarter-sorbonne-old-town-t788155/,2026-09-24T03:53:17+00:00
getyourguide,"Paris Left Bank: Writers, Revolution, and Black Coffee",5,Kimberley – United Kingdom,Really amazing tour by Audrey. Would happily sign up for anything she is offering. Got a really local perspective but she’s also equipped with research and resources to help understand how this district of Paris has been shaped. Loved it.,2026-09-07,https://www.getyourguide.com/paris-l16/the-soul-of-paris-latin-quarter-sorbonne-old-town-t788155/,2026-09-24T03:53:17+00:00
getyourguide,Paris: Montmartre Guided Walking Tour,5,Sandra Lynn – Canada,,2026-09-20,https://www.getyourguide.com/paris-l16/paris-magical-montmartre-without-the-crowds-t592477/,2026-09-24T03:58:07+00:00
getyourguide,Paris: Montmartre Guided Walking Tour,5,GetYourGuide traveler – Australia,,2026-09-20,https://www.getyourguide.com/paris-l16/paris-magical-montmartre-without-the-crowds-t592477/,2026-09-24T03:58:07+00:00
getyourguide,Paris: Montmartre Guided Walking Tour,5,GetYourGuide traveler – Germany,,2026-09-20,https://www.getyourguide.com/paris-l16/paris-magical-montmartre-without-the-crowds-t592477/,2026-09-24T03:58:07+00:00
getyourguide,Paris: Montmartre Guided Walking Tour,5,GetYourGuide traveler – Australia,,2026-09-19,https://www.getyourguide.com/paris-l16/paris-magical-montmartre-without-the-crowds-t592477/,2026-09-24T03:58:07+00:00
getyourguide,Paris: Montmartre Guided Walking Tour,5,GetYourGuide traveler – United States,,2026-09-19,https://www.getyourguide.com/paris-l16/paris-magical-montmartre-without-the-crowds-t592477/,2026-09-24T03:58:07+00:00
getyourguide,Paris: Montmartre Guided Walking Tour,4,GetYourGuide traveler – Germany,"We had a wonderful time with Andrea who told us lots of little stories, historic background information and interesting details about this lively quarter of Montmartre. Thank you so much, Andrea, a marcellous start for our trip to Paris!",2026-09-19,https://www.getyourguide.com/paris-l16/paris-magical-montmartre-without-the-crowds-t592477/,2026-09-24T03:58:07+00:00
getyourguide,Paris: Montmartre Guided Walking Tour,5,Sarah – Austria,Wir haben einen tollen Einblick in die Geschichte von Montmartre bekommen und einige tolle Ausblicke genossen.,2026-09-19,https://www.getyourguide.com/paris-l16/paris-magical-montmartre-without-the-crowds-t592477/,2026-09-24T03:58:07+00:00
getyourguide,Paris: Montmartre Guided Walking Tour,5,Radhika – Canada,,2026-09-18,https://www.getyourguide.com/paris-l16/paris-magical-montmartre-without-the-crowds-t592477/,2026-09-24T03:58:07+00:00
getyourguide,Paris: Montmartre Guided Walking Tour,5,GetYourGuide traveler – Australia,Wonderful tour and guide. Saw and understood all the parts of Montmartre we wanted to know,2026-09-18,https://www.getyourguide.com/paris-l16/paris-magical-montmartre-without-the-crowds-t592477/,2026-09-24T03:58:07+00:00
getyourguide,Paris: Montmartre Guided Walking Tour,5,Faith – Ireland,"It was just the perfect tour and good value for money. The size was small and felt like a group of friends on the walk. Our guide, Léonie was very knowledgeable of the history of some hidden gems of the artistic Montmartre district. I enjoyed the walk very much.",2026-09-18,https://www.getyourguide.com/paris-l16/paris-magical-montmartre-without-the-crowds-t592477/,2026-09-24T03:58:07+00:00
getyourguide,Paris: Montmartre Guided Walking Tour,2,Branislava – United States,Just ok,2026-09-18,https://www.getyourguide.com/paris-l16/paris-magical-montmartre-without-the-crowds-t592477/,2026-09-24T03:58:07+00:00
getyourguide,Paris: Montmartre Guided Walking Tour,5,GetYourGuide traveler – Portugal,,2026-09-17,https://www.getyourguide.com/paris-l16/paris-magical-montmartre-without-the-crowds-t592477/,2026-09-24T03:58:07+00:00
getyourguide,Paris: Montmartre Guided Walking Tour,5,Christopher – Australia,,2026-09-15,https://www.getyourguide.com/paris-l16/paris-magical-montmartre-without-the-crowds-t592477/,2026-09-24T03:58:07+00:00
getyourguide,Paris: Montmartre Guided Walking Tour,5,Dana – United States,Wonderful guide and very informative tour. Enjoyed very much.,2026-09-15,https://www.getyourguide.com/paris-l16/paris-magical-montmartre-without-the-crowds-t592477/,2026-09-24T03:58:07+00:00
getyourguide,Paris: Montmartre Guided Walking Tour,5,GetYourGuide traveler – Germany,,2026-09-15,https://www.getyourguide.com/paris-l16/paris-magical-montmartre-without-the-crowds-t592477/,2026-09-24T03:58:07+00:00
getyourguide,Paris: Montmartre Guided Walking Tour,5,GetYourGuide traveler – Spain,,2026-09-14,https://www.getyourguide.com/paris-l16/paris-magical-montmartre-without-the-crowds-t592477/,2026-09-24T03:58:07+00:00
getyourguide,Paris: Montmartre Guided Walking Tour,5,Linda – United Kingdom,"Our guide, Anna was knowledgeable, friendly and made us feel very welcome. It was informative and a very good experience. I would thoroughly recommend this walking tour!",2026-09-14,https://www.getyourguide.com/paris-l16/paris-magical-montmartre-without-the-crowds-t592477/,2026-09-24T03:58:07+00:00
getyourguide,Paris: Montmartre Guided Walking Tour,5,GetYourGuide traveler – Netherlands,,2026-09-14,https://www.getyourguide.com/paris-l16/paris-magical-montmartre-without-the-crowds-t592477/,2026-09-24T03:58:07+00:00
getyourguide,Paris: Montmartre Guided Walking Tour,5,GetYourGuide traveler – United Kingdom,Fabulous!,2026-09-12,https://www.getyourguide.com/paris-l16/paris-magical-montmartre-without-the-crowds-t592477/,2026-09-24T03:58:07+00:00
getyourguide,Paris: Montmartre Guided Walking Tour,5,Jonas – Sweden,,2026-09-12,https://www.getyourguide.com/paris-l16/paris-magical-montmartre-without-the-crowds-t592477/,2026-09-24T03:58:07+00:00
getyourguide,Paris: Montmartre Guided Walking Tour,5,Nicky – United Kingdom,"Very entertaining and informative. A great, intimate experience that allowed Montmartre to be accessible and understand its history. I would recommend.",2026-09-11,https://www.getyourguide.com/paris-l16/paris-magical-montmartre-without-the-crowds-t592477/,2026-09-24T03:58:07+00:00
getyourguide,Paris: Montmartre Guided Walking Tour,5,Tierney – Turkey,Great,2026-05-24,https://www.getyourguide.com/paris-l16/paris-magical-montmartre-without-the-crowds-t592477/,2026-09-24T03:58:07+00:00
guruwalk,The village of Montmartre without the crowds,5,Sheyla Salebe,It worth it. It’s an excellent way to know new places and their history with a group of people to bring you security,2026-09,https://www.guruwalk.com/walks/46480-the-village-of-montmartre-without-the-crowds,2026-09-24T14:16:26+00:00
guruwalk,The village of Montmartre without the crowds,4.5,KATHERINE,"It was good, but the tour includes a very long stairway to ascend.",2026-09,https://www.guruwalk.com/walks/46480-the-village-of-montmartre-without-the-crowds,2026-09-25T14:40:06+00:00
guruwalk,The village of Montmartre without the crowds,5,Rhonda,Great tour. Guide was knowledgeable and fun,2026-09,https://www.guruwalk.com/walks/46480-the-village-of-montmartre-without-the-crowds,2026-09-26T13:49:02+00:00
guruwalk,"Le Marais without the crowds, the beating heart of Paris",5,Amy Katz,Had pictures to compare now and then and to explain concepts. Friendly open speaks clearly,2026-09,https://www.guruwalk.com/walks/54090-le-marais-without-the-crowds-the-beating-heart-of-paris,2026-09-26T13:49:02+00:00
